File Name,Unit,1,2,3,4,5,6,7,8,9,10,11,12,13,14,15,16,17,18,19,20,21,22,23,24,25,26,27,28,29,30,Validation Link
SB1R56 - April 2023_1.pdf,Allred,75.5,79,78.1,80.5,74.3,74.2,76.1,77.9,79,78.4,78.9,78.3,79.7,80.4,77.1,76.3,77.8,82.2,81.3,76.9,74.4,75.4,77,71.6,77.1,76.3,76.9,77.2,71.8,77,https://journaliststudio.google.com/pinpoint-extract/preview?collection=d21f884d68dd655a&job=d5473ea766bd8b8d&docid=216c4f944ad9e44d_d21f884d68dd655a&schid=8001&row=0&page=0
SB1R56 - April 2023_1.pdf,Beto,73.4,73.9,78.6,79.4,74.2,69.9,69.6,71.3,73.2,71.6,72.1,72.5,72.6,73.4,79.2,70.9,70.8,71.9,74.9,75.8,75.9,72.3,65.3,69.1,70.1,71.2,71.4,71.6,67.7,71.7,https://journaliststudio.google.com/pinpoint-extract/preview?collection=d21f884d68dd655a&job=d5473ea766bd8b8d&docid=216c4f944ad9e44d_d21f884d68dd655a&schid=8001&row=0&page=0
SB1R56 - April 2023_1.pdf,Boyd,76.6,76.5,81.3,82.5,77,68.7,72.1,74.2,74.2,73.1,78.8,77,76.5,77.2,80.9,73.3,76.1,72.3,77.8,78.9,74.8,75.6,65,73,73.3,73.1,73.5,78.6,73,81.3,https://journaliststudio.google.com/pinpoint-extract/preview?collection=d21f884d68dd655a&job=d5473ea766bd8b8d&docid=216c4f944ad9e44d_d21f884d68dd655a&schid=8001&row=1&page=0
SB1R56 - April 2023_1.pdf,Bradshaw,80.1,82.1,86.3,80.5,73.8,68.5,70.2,78.4,73,79.1,78.5,78.3,75.8,85.3,84.9,82,82.2,73.7,82.1,80.1,78.1,80.7,72.6,78.2,79.7,74,74.8,80.5,76,79.1,https://journaliststudio.google.com/pinpoint-extract/preview?collection=d21f884d68dd655a&job=d5473ea766bd8b8d&docid=216c4f944ad9e44d_d21f884d68dd655a&schid=8001&row=2&page=0
SB1R56 - April 2023_1.pdf,Briscoe,84,88,91.2,88,76.4,67.7,69.1,73.1,76.5,75.6,80.6,80,81,88.6,90.6,88.2,79.4,83,80,85,82.5,81,67.9,72,77,83.6,83.2,86.3,77.1,84.3,https://journaliststudio.google.com/pinpoint-extract/preview?collection=d21f884d68dd655a&job=d5473ea766bd8b8d&docid=216c4f944ad9e44d_d21f884d68dd655a&schid=8001&row=3&page=0
SB1R56 - April 2023_1.pdf,Byrd,76.9,74,81.1,81.2,75.4,72.7,65.1,72.3,69.8,75.8,76.9,73,76,74,73.1,72,77.2,73,72.5,76,73,71,76.8,76,72.6,71.5,67.9,74.5,67.1,69.6,https://journaliststudio.google.com/pinpoint-extract/preview?collection=d21f884d68dd655a&job=d5473ea766bd8b8d&docid=216c4f944ad9e44d_d21f884d68dd655a&schid=8001&row=4&page=0
SB1R56 - April 2023_1.pdf,Clemens,77.5,79.1,78.6,75.6,81.5,73.2,67,67.5,72,72.2,71.1,72.4,74.7,70.9,76.4,72.6,73.1,76.5,75.6,75.3,75.5,74.2,66.1,67.3,72.9,77.1,70.3,78.9,68.8,74.9,https://journaliststudio.google.com/pinpoint-extract/preview?collection=d21f884d68dd655a&job=d5473ea766bd8b8d&docid=216c4f944ad9e44d_d21f884d68dd655a&schid=8001&row=5&page=0
SB1R56 - April 2023_1.pdf,Clements,71.4,72.8,74.7,73.3,71.4,72.3,73.3,72.5,73.2,73.3,74.4,75,74.9,74.4,69.8,67,69.3,77.6,72.5,69.6,74.1,73.5,61,61.7,64.7,62.2,61.9,60.7,61.9,63.9,https://journaliststudio.google.com/pinpoint-extract/preview?collection=d21f884d68dd655a&job=d5473ea766bd8b8d&docid=216c4f944ad9e44d_d21f884d68dd655a&schid=8001&row=6&page=0
SB1R56 - April 2023_1.pdf,Coffield,76.4,76.1,80.8,82.2,73.8,66.3,76.4,78.5,75.7,72.1,77.1,77.2,77.2,75.8,79.9,71,77,72.6,76.5,79.8,76.6,73.8,76.4,76.8,75.7,76.7,78.5,77.4,76.3,78.5,https://journaliststudio.google.com/pinpoint-extract/preview?collection=d21f884d68dd655a&job=d5473ea766bd8b8d&docid=216c4f944ad9e44d_d21f884d68dd655a&schid=8001&row=7&page=0
SB1R56 - April 2023_1.pdf,Cole,72.6,80,84.3,77.3,77.3,76.3,79.4,78,77.8,77.6,77.7,79.2,79.3,81.8,84.4,77.8,79.6,79.5,80.9,80.3,78,76.8,77.8,75.7,76.7,75.4,76,77.4,78.5,78.4,https://journaliststudio.google.com/pinpoint-extract/preview?collection=d21f884d68dd655a&job=d5473ea766bd8b8d&docid=216c4f944ad9e44d_d21f884d68dd655a&schid=8001&row=8&page=0
SB1R56 - April 2023_1.pdf,Connally,82.2,84.6,86.6,87.2,77.7,73.5,69.8,71.7,72,73.2,77,77.8,77.4,77.9,86.3,77.6,78.2,78.7,79.3,86.5,78.9,78.7,69.7,69.5,78.2,81.7,81.3,83.7,76.6,72.8,https://journaliststudio.google.com/pinpoint-extract/preview?collection=d21f884d68dd655a&job=d5473ea766bd8b8d&docid=216c4f944ad9e44d_d21f884d68dd655a&schid=8001&row=9&page=0
SB1R56 - April 2023_1.pdf,Crain,77.6,73.6,80.9,84.1,76.2,78.5,76.9,76.3,78.2,74.2,74.7,76.6,80.2,78.8,81.8,71.3,78.7,74,82,82.7,76.5,77.3,64.9,77.5,73.6,78.1,74.3,76,70.6,81.5,https://journaliststudio.google.com/pinpoint-extract/preview?collection=d21f884d68dd655a&job=d5473ea766bd8b8d&docid=216c4f944ad9e44d_d21f884d68dd655a&schid=8001&row=10&page=0
SB1R56 - April 2023_1.pdf,Dalhart,72.2,80.2,76.1,75,77.5,75.7,75.9,77.7,76.6,80.4,80.1,80.5,79.4,78,77,76.8,78.6,78.1,76.2,72.7,77.9,69.9,74.8,77.4,77.6,70.2,72.2,77.1,77,77.4,https://journaliststudio.google.com/pinpoint-extract/preview?collection=d21f884d68dd655a&job=d5473ea766bd8b8d&docid=216c4f944ad9e44d_d21f884d68dd655a&schid=8001&row=11&page=0
SB1R56 - April 2023_1.pdf,Daniel,73.4,78,79.6,79.2,71.9,70.8,70.1,75.5,74.9,76.6,74.7,77.5,77.7,78.9,76.9,75.4,78.5,79.1,78.6,76.4,75.5,73.3,71.1,71.3,75.7,74.7,77.8,72.1,75.2,75.8,https://journaliststudio.google.com/pinpoint-extract/preview?collection=d21f884d68dd655a&job=d5473ea766bd8b8d&docid=216c4f944ad9e44d_d21f884d68dd655a&schid=8001&row=12&page=0
SB1R56 - April 2023_1.pdf,Dominguez,78.4,82.8,87.2,83,77.6,69.6,63.8,74.3,71.4,72.8,76.3,77.3,78.1,79.7,84.9,77.6,80,78.8,79.9,83.8,77.6,78.1,66.5,73,75.5,81,80.9,85.3,75.5,84.3,https://journaliststudio.google.com/pinpoint-extract/preview?collection=d21f884d68dd655a&job=d5473ea766bd8b8d&docid=216c4f944ad9e44d_d21f884d68dd655a&schid=8001&row=13&page=0
SB1R56 - April 2023_1.pdf,Ellis,78.8,75.9,82,82.1,76.2,64.2,68.1,71.5,70.4,69.7,79.1,82,78,78.2,85.8,77.6,78,75.1,79.6,85.4,76.4,77.3,77.1,71.3,73.7,79.8,76.7,78.6,77,79.1,https://journaliststudio.google.com/pinpoint-extract/preview?collection=d21f884d68dd655a&job=d5473ea766bd8b8d&docid=216c4f944ad9e44d_d21f884d68dd655a&schid=8001&row=14&page=0
SB1R56 - April 2023_1.pdf,Estelle,78.4,79.5,82.4,83.3,79.8,73,69.8,66.8,73.9,73,74.7,74.7,75.5,75.2,81.3,76.6,76.1,74,77.8,77.9,76.5,75.8,71.2,72.5,72,75,73.8,75.3,71,74.9,https://journaliststudio.google.com/pinpoint-extract/preview?collection=d21f884d68dd655a&job=d5473ea766bd8b8d&docid=216c4f944ad9e44d_d21f884d68dd655a&schid=8001&row=15&page=0
SB1R56 - April 2023_1.pdf,Ferguson,79.8,79.1,83.4,83.7,78.4,68.3,68.7,75.2,74.5,69.2,75.5,74.6,76.1,79.2,83.3,77,78.6,74.4,79.6,74.4,76.2,78.3,69.5,76.4,71.3,72.3,77.3,79.4,71.6,77.9,https://journaliststudio.google.com/pinpoint-extract/preview?collection=d21f884d68dd655a&job=d5473ea766bd8b8d&docid=216c4f944ad9e44d_d21f884d68dd655a&schid=8001&row=16&page=0
SB1R56 - April 2023_1.pdf,Formby,76,80.5,85.1,78.9,74.9,75.1,78.6,78.8,79.1,78.3,80.4,80,79.6,82.4,76.3,76.4,81.3,81.9,83.7,77.5,74.6,75.5,77.2,77,78.7,76.8,77.6,76.9,75.8,79.3,https://journaliststudio.google.com/pinpoint-extract/preview?collection=d21f884d68dd655a&job=d5473ea766bd8b8d&docid=216c4f944ad9e44d_d21f884d68dd655a&schid=8001&row=17&page=0
SB1R56 - April 2023_1.pdf,Garza West,90.8,88.1,93.9,86.3,76.4,71.7,57,63.2,62.5,79.5,81.9,81.2,84.3,83,91.6,83.5,83.6,75.9,81.6,84.1,84.9,84.9,66.7,79.5,82,88,83.5,85.3,78.8,83.5,https://journaliststudio.google.com/pinpoint-extract/preview?collection=d21f884d68dd655a&job=d5473ea766bd8b8d&docid=216c4f944ad9e44d_d21f884d68dd655a&schid=8001&row=18&page=0
SB1R56 - April 2023_1.pdf,Gist,84.3,82.3,82.3,81.9,82.3,81.5,70.9,73.7,71,77,78.1,76,81.1,80.1,87.3,77.7,78.9,80.8,84.9,80.2,83.6,78.7,67.9,75.9,77.5,82.1,77.8,81.5,68.5,80.9,https://journaliststudio.google.com/pinpoint-extract/preview?collection=d21f884d68dd655a&job=d5473ea766bd8b8d&docid=216c4f944ad9e44d_d21f884d68dd655a&schid=8001&row=19&page=0
SB1R56 - April 2023_1.pdf,Goodman,82,85.1,88.7,87.7,72,73.3,77,79.5,77.9,77.9,78.2,78.8,77.8,82.4,87.1,77.7,78.2,75,84.1,74.7,76.4,78.6,74.9,77,76.1,76.4,84.6,78.2,74.9,81.8,https://journaliststudio.google.com/pinpoint-extract/preview?collection=d21f884d68dd655a&job=d5473ea766bd8b8d&docid=216c4f944ad9e44d_d21f884d68dd655a&schid=8001&row=20&page=0
SB1R56 - April 2023_1.pdf,Goree,82.1,77.2,80.8,81.8,74.7,69.8,67.2,73.3,75.5,72.6,72.9,74.8,72.8,75.9,75.4,76.6,74.1,74.9,78.9,77.3,73.5,74,65.3,65.9,69.2,73.4,71.7,75,70.8,75,https://journaliststudio.google.com/pinpoint-extract/preview?collection=d21f884d68dd655a&job=d5473ea766bd8b8d&docid=216c4f944ad9e44d_d21f884d68dd655a&schid=8001&row=21&page=0
SB1R56 - April 2023_1.pdf,Hightower,81.2,79.9,82.4,81.3,77.5,69.4,68.1,64.9,67.9,71.4,75.8,73,77.7,75.1,81.9,73.4,76.5,72.8,79,78.8,81.1,78.3,70.7,74.6,74.4,77.8,76.3,79.8,65.8,77.6,https://journaliststudio.google.com/pinpoint-extract/preview?collection=d21f884d68dd655a&job=d5473ea766bd8b8d&docid=216c4f944ad9e44d_d21f884d68dd655a&schid=8001&row=22&page=0
SB1R56 - April 2023_1.pdf,Hilltop,76,74.3,76.8,73.9,76.6,76.9,76.9,76.8,76.2,76.2,77,77,76.7,74,77.1,76.5,72.4,74.2,73.6,78.9,77,77,77.3,77.8,74.2,68.5,77,74.3,76.7,77,https://journaliststudio.google.com/pinpoint-extract/preview?collection=d21f884d68dd655a&job=d5473ea766bd8b8d&docid=216c4f944ad9e44d_d21f884d68dd655a&schid=8001&row=23&page=0
SB1R56 - April 2023_1.pdf,Hobby,80.2,81,82.1,82.9,77.1,80.4,79.3,78.4,79.3,77.2,82.3,81.2,79.3,78.1,80.7,78.9,78.7,79.6,80.9,80.8,79.7,77.4,76.6,76.1,77.4,78.8,77.9,74.2,78.8,79.5,https://journaliststudio.google.com/pinpoint-extract/preview?collection=d21f884d68dd655a&job=d5473ea766bd8b8d&docid=216c4f944ad9e44d_d21f884d68dd655a&schid=8001&row=24&page=0
SB1R56 - April 2023_1.pdf,Holliday,81.4,79.7,81.3,85.4,70.6,71.8,67.4,76.8,75.3,72.2,79.3,75.1,80.1,78.7,86.2,77,79.7,79.8,83.7,79.1,74.6,81,69.1,73.3,72.1,79.7,77.2,79.9,71.1,82.2,https://journaliststudio.google.com/pinpoint-extract/preview?collection=d21f884d68dd655a&job=d5473ea766bd8b8d&docid=216c4f944ad9e44d_d21f884d68dd655a&schid=8001&row=25&page=0
SB1R56 - April 2023_1.pdf,Hughes,75.5,72.1,84.6,83.6,76.4,77,76.2,74.6,77.6,78.1,75.3,80,78.1,76.3,79.7,77.3,77.4,72.1,80,83.4,77.4,79.7,75.3,75.1,76.5,75.5,76.6,70,77,79.6,https://journaliststudio.google.com/pinpoint-extract/preview?collection=d21f884d68dd655a&job=d5473ea766bd8b8d&docid=216c4f944ad9e44d_d21f884d68dd655a&schid=8001&row=26&page=0
SB1R56 - April 2023_1.pdf,Huntsville,75.1,76.1,82.3,79.8,73.8,67.3,68.5,70.1,72.8,71.8,71.3,75.7,73.3,77.9,80.4,70.7,76.1,74.1,79.1,76.8,73.8,76.8,71.2,69,71.8,77.1,73.3,75.7,68.8,76.8,https://journaliststudio.google.com/pinpoint-extract/preview?collection=d21f884d68dd655a&job=d5473ea766bd8b8d&docid=216c4f944ad9e44d_d21f884d68dd655a&schid=8001&row=27&page=0
SB1R56 - April 2023_1.pdf,Hutchins,83.3,82.7,87.5,85.1,81.2,70.8,77.4,79.5,80.4,80.8,82.6,82.9,83.9,82.3,83.9,76.8,80.8,81.2,82.6,81.8,82.2,79.4,71.9,77.1,77.8,70.1,77.5,78.4,77.4,80.3,https://journaliststudio.google.com/pinpoint-extract/preview?collection=d21f884d68dd655a&job=d5473ea766bd8b8d&docid=216c4f944ad9e44d_d21f884d68dd655a&schid=8001&row=28&page=0
SB1R56 - April 2023_1.pdf,Jester III,82.1,82.3,83.1,80.2,75.1,70.1,71.1,74.6,73.6,72.7,77.6,78.2,78.3,76.1,80.9,73.8,76,78.7,80.6,76.6,79.9,76.3,67.7,72.3,77.7,78.7,75.7,79.1,70.7,79.2,https://journaliststudio.google.com/pinpoint-extract/preview?collection=d21f884d68dd655a&job=d5473ea766bd8b8d&docid=216c4f944ad9e44d_d21f884d68dd655a&schid=8001&row=29&page=0
SB1R56 - April 2023_1.pdf,Johnston,75.3,80.5,82.6,82.1,74,69.7,71,75.6,78.1,73.7,74.5,77.8,76.5,80,84.6,71.8,76.5,75.1,75.8,75.9,72.3,76.2,72,69.1,68.8,65.3,73.9,75.5,60.8,78.7,https://journaliststudio.google.com/pinpoint-extract/preview?collection=d21f884d68dd655a&job=d5473ea766bd8b8d&docid=216c4f944ad9e44d_d21f884d68dd655a&schid=8001&row=30&page=0
SB1R56 - April 2023_1.pdf,Jordan,73.8,74.8,77.5,76.7,75.3,75.9,74.9,75.4,75.2,75.9,75.2,78.1,76.2,76.7,66.5,75.9,75.3,76.9,76.8,70.5,72.2,66.4,71.2,72.4,73.2,67.7,77,66.1,69,74.4,https://journaliststudio.google.com/pinpoint-extract/preview?collection=d21f884d68dd655a&job=d5473ea766bd8b8d&docid=216c4f944ad9e44d_d21f884d68dd655a&schid=8001&row=31&page=0
SB1R56 - April 2023_1.pdf,Lewis,79.8,78.8,81.3,79.4,74.9,70.6,63.9,75.8,71.2,71.6,74.9,75.6,78.5,79.8,82.2,75,78,73.4,83,79.7,76.9,79.4,73.8,77.3,80.8,77.1,74.3,78.4,72.2,79.8,https://journaliststudio.google.com/pinpoint-extract/preview?collection=d21f884d68dd655a&job=d5473ea766bd8b8d&docid=216c4f944ad9e44d_d21f884d68dd655a&schid=8001&row=32&page=0
SB1R56 - April 2023_1.pdf,Lopez,85.9,85.3,88.6,87,81.6,68.5,64.8,72,65.8,81.1,79.9,84.3,84.4,83.4,85,83.6,84.7,78.1,83.8,87.8,89.4,87.5,71.5,78.2,77.4,87.6,84.7,86.5,78.6,87,https://journaliststudio.google.com/pinpoint-extract/preview?collection=d21f884d68dd655a&job=d5473ea766bd8b8d&docid=216c4f944ad9e44d_d21f884d68dd655a&schid=8001&row=33&page=0
SB1R56 - April 2023_1.pdf,Luther,77.1,75.4,79.5,76.5,74.8,69.3,75.3,71.5,70.5,70.8,73.9,75.5,70.9,72.3,78.7,73.5,73.2,74.6,74.3,79.5,76.5,74.9,73.1,77.4,76.2,79.5,76.1,78.3,76.8,76,https://journaliststudio.google.com/pinpoint-extract/preview?collection=d21f884d68dd655a&job=d5473ea766bd8b8d&docid=216c4f944ad9e44d_d21f884d68dd655a&schid=8001&row=34&page=0
SB1R56 - April 2023_1.pdf,Lychner,85,87.3,94.1,82,80.2,74.4,75.8,77.8,78.1,77.4,79.9,81.9,80.9,83.3,93.7,79.6,81.1,85,88.5,84.9,85.6,80.8,77.5,80.2,83.5,85,82.4,82.1,81.2,84.2,https://journaliststudio.google.com/pinpoint-extract/preview?collection=d21f884d68dd655a&job=d5473ea766bd8b8d&docid=216c4f944ad9e44d_d21f884d68dd655a&schid=8001&row=35&page=0
SB1R56 - April 2023_1.pdf,Lynaugh,73.4,77,76.5,76.9,74.8,74.3,74.5,74.6,75.6,75.5,77,77.1,77.8,75.4,75.7,74.8,74.4,74.3,76.1,75.4,72,75.4,69.8,74.8,71.4,74,74.8,76.9,76.1,75.2,https://journaliststudio.google.com/pinpoint-extract/preview?collection=d21f884d68dd655a&job=d5473ea766bd8b8d&docid=216c4f944ad9e44d_d21f884d68dd655a&schid=8001&row=36&page=0
SB1R56 - April 2023_1.pdf,Mcconnell,82.8,82.5,88.6,83,76.8,66.2,64.8,75.7,75.2,74,80,75.9,78.1,78.6,86,77.3,76.8,77.7,78.6,81.4,78.9,79,71.7,71.5,76.2,86,79.7,81.7,76.5,78.9,https://journaliststudio.google.com/pinpoint-extract/preview?collection=d21f884d68dd655a&job=d5473ea766bd8b8d&docid=216c4f944ad9e44d_d21f884d68dd655a&schid=8001&row=37&page=0
SB1R56 - April 2023_1.pdf,Memorial,79.6,78.8,79.3,78.7,79.7,71.9,67.5,73.6,71.4,69.8,71.1,74.4,74.2,75.5,79,79.6,73.5,72.3,77.1,77.9,77.8,77.4,75.7,76.8,77.2,73.6,76.5,78.2,70,71.5,https://journaliststudio.google.com/pinpoint-extract/preview?collection=d21f884d68dd655a&job=d5473ea766bd8b8d&docid=216c4f944ad9e44d_d21f884d68dd655a&schid=8001&row=38&page=0
SB1R56 - April 2023_1.pdf,Michael,79.1,77.6,82.6,91.1,76.7,74.1,76,73.5,77.7,79.2,81.2,81,76.1,78.1,81.3,77.1,77.8,75.6,77.3,80.1,79.8,81,70.2,76.5,75.5,75,76.8,76.6,76.9,77.6,https://journaliststudio.google.com/pinpoint-extract/preview?collection=d21f884d68dd655a&job=d5473ea766bd8b8d&docid=216c4f944ad9e44d_d21f884d68dd655a&schid=8001&row=39&page=0
SB1R56 - April 2023_1.pdf,Middleton,76.5,82.8,83.6,83.2,74.1,74.2,76,77.2,78.9,79.4,79.1,78.8,81.4,85.1,79.3,75.9,77.9,83.2,85.2,78.9,77.5,77.2,77.1,77.2,79.4,80.9,77.1,77.1,76,80.7,https://journaliststudio.google.com/pinpoint-extract/preview?collection=d21f884d68dd655a&job=d5473ea766bd8b8d&docid=216c4f944ad9e44d_d21f884d68dd655a&schid=8001&row=40&page=0
SB1R56 - April 2023_1.pdf,Montford,72.4,77.3,80.1,79.5,77.3,73.4,78.7,77.5,79,81.7,81.3,79.5,82.1,80.4,80.1,74.1,80.1,84.5,90.3,77.2,74.9,67.3,68.7,74.8,76.3,72.1,74.9,71.2,75.1,87.4,https://journaliststudio.google.com/pinpoint-extract/preview?collection=d21f884d68dd655a&job=d5473ea766bd8b8d&docid=216c4f944ad9e44d_d21f884d68dd655a&schid=8001&row=41&page=0
SB1R56 - April 2023_1.pdf,"Moore, C.",71.3,79,84.3,80.1,72.1,69.6,69.2,74.8,75.7,76.6,78.4,79.6,81.5,80.1,75.3,74.1,79.6,77.1,82.4,78.8,75.4,68.4,70.4,70.4,69.4,71.6,69.8,73.1,72.4,76.3,https://journaliststudio.google.com/pinpoint-extract/preview?collection=d21f884d68dd655a&job=d5473ea766bd8b8d&docid=216c4f944ad9e44d_d21f884d68dd655a&schid=8001&row=42&page=0
SB1R56 - April 2023_1.pdf,O’Daniel,75.6,73.5,79.3,79.6,75,74.2,77.7,77.4,75.3,75.4,77.1,77,76.9,73.5,77.5,76,76.1,74.6,78.5,80.9,77.3,77.1,72.5,72.4,72,74.1,76.7,76,76.7,77.1,https://journaliststudio.google.com/pinpoint-extract/preview?collection=d21f884d68dd655a&job=d5473ea766bd8b8d&docid=216c4f944ad9e44d_d21f884d68dd655a&schid=8001&row=43&page=0
SB1R56 - April 2023_1.pdf,Murray,71.1,72.7,85.9,78.5,71.6,64.1,65.7,67,68.9,73.4,76.8,77.1,76.3,74.7,77.7,72.4,75.5,74.3,76.4,81.2,77.8,73.7,69.7,71.9,73,74.8,75.2,78.8,67.3,72.7,https://journaliststudio.google.com/pinpoint-extract/preview?collection=d21f884d68dd655a&job=d5473ea766bd8b8d&docid=216c4f944ad9e44d_d21f884d68dd655a&schid=8001&row=44&page=0
SB1R56 - April 2023_1.pdf,Plane,79.3,81.9,89.6,89.6,80.6,72.3,73.6,75.2,75.6,77.8,77.4,70.5,71.2,78,89.5,77,78.6,80.1,82.3,83.7,81.8,80.6,76.5,79.4,81,84.7,78.3,83.3,76.2,79.6,https://journaliststudio.google.com/pinpoint-extract/preview?collection=d21f884d68dd655a&job=d5473ea766bd8b8d&docid=216c4f944ad9e44d_d21f884d68dd655a&schid=8001&row=45&page=0
SB1R56 - April 2023_1.pdf,Polunsky,80.4,81.5,86.9,84.6,76.3,69.6,68.5,72.2,70.8,71.2,72.7,72.9,77.7,78.7,84.6,73.9,78.3,70.6,81.9,79.9,79.8,78.3,69.2,75.6,71.2,76,75.4,78.6,74.6,79.9,https://journaliststudio.google.com/pinpoint-extract/preview?collection=d21f884d68dd655a&job=d5473ea766bd8b8d&docid=216c4f944ad9e44d_d21f884d68dd655a&schid=8001&row=46&page=0
SB1R56 - April 2023_1.pdf,Powledge,77.4,78.4,84.5,82.7,80.2,78.4,79.3,78.4,77.7,78.5,77,78.6,79.5,78.4,84.2,77.6,77.9,66.9,74.9,78.3,73.4,75.8,74.4,74.9,78.2,78.2,77.4,77.1,79.3,78.7,https://journaliststudio.google.com/pinpoint-extract/preview?collection=d21f884d68dd655a&job=d5473ea766bd8b8d&docid=216c4f944ad9e44d_d21f884d68dd655a&schid=8001&row=47&page=0
SB1R56 - April 2023_2.pdf,Ramsey,82.9,82.5,82.6,81.4,82.2,74.2,73.2,67.4,73.2,70.6,73.2,74.5,73.9,75.8,81.8,76.4,76.5,76.5,79.2,78.6,78.4,77.8,70.3,73.8,76,82,77.6,79.9,78.3,76.2,https://journaliststudio.google.com/pinpoint-extract/preview?collection=d21f884d68dd655a&job=d5473ea766bd8b8d&docid=e235e0e2ccfbdd54_d21f884d68dd655a&schid=8001&row=1&page=0
SB1R56 - April 2023_2.pdf,Roach,76.1,78.6,80.4,79.3,76.7,77.1,76.1,77.3,74.2,74.3,77.4,77.6,77.7,77.6,77.5,76.3,72.6,78,78.6,78,77.3,77.1,74.4,72.4,74.1,74.7,72.8,76.6,77.1,77.8,https://journaliststudio.google.com/pinpoint-extract/preview?collection=d21f884d68dd655a&job=d5473ea766bd8b8d&docid=e235e0e2ccfbdd54_d21f884d68dd655a&schid=8001&row=2&page=0
SB1R56 - April 2023_2.pdf,Robertson,73.8,77.9,79.3,81.8,78.2,80,78.3,76.2,76.5,75.8,75.1,75,76.7,80.7,76.8,72.4,75.2,77.9,81,76.5,74.4,73,73.3,74,73,74.4,73.4,73.1,75.3,77.3,https://journaliststudio.google.com/pinpoint-extract/preview?collection=d21f884d68dd655a&job=d5473ea766bd8b8d&docid=e235e0e2ccfbdd54_d21f884d68dd655a&schid=8001&row=3&page=0
SB1R56 - April 2023_2.pdf,Sanchez,78.5,85.6,81.3,77.6,75.6,77,77.5,82.4,81.6,82.8,89.1,80.8,83.2,79.2,78.7,77.6,80.4,78.7,80.8,79.4,75.9,79.9,77.5,77.3,79.3,79.3,80.6,76.5,78.4,86.9,https://journaliststudio.google.com/pinpoint-extract/preview?collection=d21f884d68dd655a&job=d5473ea766bd8b8d&docid=e235e0e2ccfbdd54_d21f884d68dd655a&schid=8001&row=4&page=0
SB1R56 - April 2023_2.pdf,Smith,66.9,74,68.5,71.8,64,63.6,63.4,64.7,66.3,67.4,67.8,68.8,69.9,73.6,70.1,68.8,69.8,71.4,73.8,72.4,70.4,73.1,63.1,66.2,68.7,70.2,69.5,65,67.2,70.6,https://journaliststudio.google.com/pinpoint-extract/preview?collection=d21f884d68dd655a&job=d5473ea766bd8b8d&docid=e235e0e2ccfbdd54_d21f884d68dd655a&schid=8001&row=5&page=0
SB1R56 - April 2023_2.pdf,Stevenson,82.9,84.1,92.2,83,77.1,75.8,66.4,73.8,75.6,83.6,84.1,81.4,79.4,79.1,82.3,77.5,78.1,80.5,84.1,89.9,81.5,81.2,70.6,74.1,77.7,92.4,82.2,81.7,77.5,77.7,https://journaliststudio.google.com/pinpoint-extract/preview?collection=d21f884d68dd655a&job=d5473ea766bd8b8d&docid=e235e0e2ccfbdd54_d21f884d68dd655a&schid=8001&row=6&page=0
SB1R56 - April 2023_2.pdf,Stiles,78.9,78.5,80.4,79,83.3,77,70.6,73.9,75,75.6,77.4,76.5,77.6,77.5,89.7,77.2,73.8,75.8,81.4,79.7,80.2,77.8,75.8,74.4,73.6,77.8,75.6,77.8,76.9,79.1,https://journaliststudio.google.com/pinpoint-extract/preview?collection=d21f884d68dd655a&job=d5473ea766bd8b8d&docid=e235e0e2ccfbdd54_d21f884d68dd655a&schid=8001&row=7&page=0
SB1R56 - April 2023_2.pdf,Stringfellow,81.3,82.6,82.2,86.2,78.6,72.5,70.6,69.6,72.6,72.6,76.7,75.2,73.1,77.9,80.1,75.4,74.5,75,78.2,75.1,77.1,77.7,71.5,74.2,76.5,80,77.7,82.8,71,79.1,https://journaliststudio.google.com/pinpoint-extract/preview?collection=d21f884d68dd655a&job=d5473ea766bd8b8d&docid=e235e0e2ccfbdd54_d21f884d68dd655a&schid=8001&row=8&page=0
SB1R56 - April 2023_2.pdf,Telford,72,72,76.4,77,74.2,77.6,78.2,74,72.5,75,77,77,77,78,79.5,76.1,77.4,77.2,77.1,74.3,73.9,73.7,65,68.3,67,68.2,69.1,70.4,68,73.3,https://journaliststudio.google.com/pinpoint-extract/preview?collection=d21f884d68dd655a&job=d5473ea766bd8b8d&docid=e235e0e2ccfbdd54_d21f884d68dd655a&schid=8001&row=9&page=0
SB1R56 - April 2023_2.pdf,Terrell,80.8,83,81.1,81.1,79.6,72.5,72,70.4,76.3,72.6,76,76.3,75.5,77,85.2,76.6,75.5,77.6,77.5,76.2,80,76.7,68.2,73.5,77.3,78.1,77.9,80.8,72.7,78.3,https://journaliststudio.google.com/pinpoint-extract/preview?collection=d21f884d68dd655a&job=d5473ea766bd8b8d&docid=e235e0e2ccfbdd54_d21f884d68dd655a&schid=8001&row=10&page=0
SB1R56 - April 2023_2.pdf,Torres,79.4,81,88,87.4,80.4,69.4,65.5,75.8,77,78.4,84.5,79,82,77.7,82,82.2,79,80.2,81,80.5,82,84,72.2,74.1,77.3,81.7,81.4,80.5,81.7,85.7,https://journaliststudio.google.com/pinpoint-extract/preview?collection=d21f884d68dd655a&job=d5473ea766bd8b8d&docid=e235e0e2ccfbdd54_d21f884d68dd655a&schid=8001&row=11&page=0
SB1R56 - April 2023_2.pdf,Vance,84.2,83.5,84.9,81.2,72.8,69.5,70.5,70.2,73,72,75.2,78.6,79.2,77.8,84.2,77.4,79.2,80.5,83.6,79.4,81,80.2,69.9,74.8,79.5,81.8,76.8,82.7,70.7,82.6,https://journaliststudio.google.com/pinpoint-extract/preview?collection=d21f884d68dd655a&job=d5473ea766bd8b8d&docid=e235e0e2ccfbdd54_d21f884d68dd655a&schid=8001&row=12&page=0
SB1R56 - April 2023_2.pdf,Wainwright,74.5,76.3,82.2,81.7,75.1,68.9,66.2,70.5,74,76.5,75.3,74.2,77.7,76.8,78.2,76.1,77,77.8,80.5,80.8,76.9,78,77,77,75.5,76.8,76.6,77.7,77.3,77.5,https://journaliststudio.google.com/pinpoint-extract/preview?collection=d21f884d68dd655a&job=d5473ea766bd8b8d&docid=e235e0e2ccfbdd54_d21f884d68dd655a&schid=8001&row=13&page=0
SB1R56 - April 2023_2.pdf,Wallace,78.5,81.6,82,81.7,77.3,77.8,74.8,80.5,78.9,78.7,78.7,78.1,79.7,80.1,76.3,75,76.2,79.9,82,80,77.6,78.6,75.6,71.6,75.8,76.8,74.9,70.1,71.1,74.2,https://journaliststudio.google.com/pinpoint-extract/preview?collection=d21f884d68dd655a&job=d5473ea766bd8b8d&docid=e235e0e2ccfbdd54_d21f884d68dd655a&schid=8001&row=14&page=0
SB1R56 - April 2023_2.pdf,Wheeler,74.2,74.8,79.1,74.5,75.5,74.5,75.9,77.4,75,77.8,78.1,77,77.3,78.3,75.3,77.6,77.1,77.5,78.9,77.8,78.6,75,76.6,73.4,77.6,76.4,77.7,75.7,78.4,76.3,https://journaliststudio.google.com/pinpoint-extract/preview?collection=d21f884d68dd655a&job=d5473ea766bd8b8d&docid=e235e0e2ccfbdd54_d21f884d68dd655a&schid=8001&row=15&page=0
SB1R56 - April 2023_2.pdf,Woodman,85.8,82,92.3,82.9,75.9,60.5,67.2,67.3,72.5,74,73.3,81.1,81.3,75,84.1,76.6,78.2,72.3,81.4,84.9,76.6,74.8,56,74.5,76,82.5,78.4,73.1,74,87.3,https://journaliststudio.google.com/pinpoint-extract/preview?collection=d21f884d68dd655a&job=d5473ea766bd8b8d&docid=e235e0e2ccfbdd54_d21f884d68dd655a&schid=8001&row=16&page=0
SB1R56 - April 2023_2.pdf,Wynne,79.3,78.1,83.4,84.6,71.2,74.6,76.3,76.6,70.3,71.2,72.3,72.5,74.7,77.9,79.6,72.6,75.6,77.4,79.9,79.1,75.6,77.8,77.2,76,75,76.7,76.6,79.2,77,77.9,https://journaliststudio.google.com/pinpoint-extract/preview?collection=d21f884d68dd655a&job=d5473ea766bd8b8d&docid=e235e0e2ccfbdd54_d21f884d68dd655a&schid=8001&row=17&page=0
SB1R56 - April 2023_2.pdf,Young,85,86.8,82.6,81.9,80.2,73.9,71.5,73.5,81.1,77.4,81,82.8,78.3,78.2,85.9,79.1,78.7,79.8,78.9,77.3,82.7,75.5,65.4,73.5,80.4,80.2,80.4,83.2,70.4,82.7,https://journaliststudio.google.com/pinpoint-extract/preview?collection=d21f884d68dd655a&job=d5473ea766bd8b8d&docid=e235e0e2ccfbdd54_d21f884d68dd655a&schid=8001&row=18&page=0
SB1R56 - June 2023_1.pdf,Beto,82.3,81.8,82.6,81.7,80.1,80.4,83.3,82.2,81.8,85.1,81.4,79.4,85.6,84.9,86.9,86.7,87.6,87.3,88.4,89.3,89,86.8,88,86.5,88.8,87.3,87.3,88.5,89.1,88.7,https://journaliststudio.google.com/pinpoint-extract/preview?collection=d21f884d68dd655a&job=d5473ea766bd8b8d&docid=ccad74f1a1a2d6a0_d21f884d68dd655a&schid=8001&row=0&page=0
SB1R56 - June 2023_1.pdf,Boyd,88.6,88.6,89.3,85,84.6,86,87.2,81.1,85.2,88,88.3,88.7,86.5,86.8,89.2,90.2,91.5,90.1,93.3,91.8,90.1,85.5,89.3,90.5,91.4,90.9,90.2,90.9,92.1,90.1,https://journaliststudio.google.com/pinpoint-extract/preview?collection=d21f884d68dd655a&job=d5473ea766bd8b8d&docid=ccad74f1a1a2d6a0_d21f884d68dd655a&schid=8001&row=1&page=0
SB1R56 - June 2023_1.pdf,Bradshaw,86.5,88.9,82.7,84.1,79.9,88.3,78.4,86.9,88.7,77,91.5,83.7,89.7,90,86.7,90.6,92.7,89.7,91.4,104,91.8,91.8,90.4,91.2,91.2,91.4,93.3,93.1,92.2,91.8,https://journaliststudio.google.com/pinpoint-extract/preview?collection=d21f884d68dd655a&job=d5473ea766bd8b8d&docid=ccad74f1a1a2d6a0_d21f884d68dd655a&schid=8001&row=1&page=0
SB1R56 - June 2023_1.pdf,Briscoe,84.6,86.2,87.1,86.4,86.3,83.7,88.1,87.5,90.9,88.9,92.5,92.2,93.8,91.6,92,95.5,92.7,96.5,95.5,95.7,97.6,95.7,98.2,96.2,96.4,97.7,97.9,92.8,92.3,93.8,https://journaliststudio.google.com/pinpoint-extract/preview?collection=d21f884d68dd655a&job=d5473ea766bd8b8d&docid=ccad74f1a1a2d6a0_d21f884d68dd655a&schid=8001&row=2&page=0
SB1R56 - June 2023_1.pdf,Byrd,80.2,83.4,84.3,78.2,79.6,78.2,78.4,78.6,80.6,84.1,84.8,88,89.3,90.2,89.8,89.4,92.1,93.1,91,86.5,88.2,87.1,85.4,87.2,85.5,86.1,86.4,85.5,87.6,90.6,https://journaliststudio.google.com/pinpoint-extract/preview?collection=d21f884d68dd655a&job=d5473ea766bd8b8d&docid=ccad74f1a1a2d6a0_d21f884d68dd655a&schid=8001&row=3&page=0
SB1R56 - June 2023_1.pdf,Clemens,80.8,84.5,83.7,83.2,79.9,74.4,78,84.8,80.1,78.7,81,83.3,83.6,82.7,86.6,86.2,82,81.9,84,86.4,84.7,85.1,84.1,87.3,89.1,88.7,88.2,85.7,85.5,87.5,https://journaliststudio.google.com/pinpoint-extract/preview?collection=d21f884d68dd655a&job=d5473ea766bd8b8d&docid=ccad74f1a1a2d6a0_d21f884d68dd655a&schid=8001&row=4&page=0
SB1R56 - June 2023_1.pdf,Clements,73,72,70.9,71.2,71.3,72.4,73.3,77.1,74.9,75.6,76.5,75.2,74.7,75,76,75.2,76.2,77,78.6,79.8,79.9,81.3,80.4,81.7,81.5,81.7,83.3,85.1,85.9,83.7,https://journaliststudio.google.com/pinpoint-extract/preview?collection=d21f884d68dd655a&job=d5473ea766bd8b8d&docid=ccad74f1a1a2d6a0_d21f884d68dd655a&schid=8001&row=5&page=0
SB1R56 - June 2023_1.pdf,Coffield,85.3,86.1,85.6,83.8,83,83.7,84,82.6,89.8,96.3,95.2,85.3,95.1,86.6,89,88.3,89.4,87.2,88.5,91.4,89.4,85.6,84.5,87.3,87.6,90.5,89.6,91.4,91.4,88.9,https://journaliststudio.google.com/pinpoint-extract/preview?collection=d21f884d68dd655a&job=d5473ea766bd8b8d&docid=ccad74f1a1a2d6a0_d21f884d68dd655a&schid=8001&row=6&page=0
SB1R56 - June 2023_1.pdf,Cole,84.1,87.7,85.2,81.9,82.5,88.9,88.8,88.3,88.6,85.3,92.9,77.5,74.5,79.6,91.5,79.8,90.3,79.8,85.9,92.9,85,87.5,94.5,94.6,93.6,86.4,90.2,86.4,95.4,95.3,https://journaliststudio.google.com/pinpoint-extract/preview?collection=d21f884d68dd655a&job=d5473ea766bd8b8d&docid=ccad74f1a1a2d6a0_d21f884d68dd655a&schid=8001&row=7&page=0
SB1R56 - June 2023_1.pdf,Connally,84.7,88.6,89.9,84.2,83.1,82.1,88,86.3,95.8,96.1,97.9,96.6,89.7,90.8,91.9,92.4,91.4,92.6,93.2,92.4,93.3,98.6,92.1,91.1,92.4,91.9,90.8,91.2,95.4,90.9,https://journaliststudio.google.com/pinpoint-extract/preview?collection=d21f884d68dd655a&job=d5473ea766bd8b8d&docid=ccad74f1a1a2d6a0_d21f884d68dd655a&schid=8001&row=8&page=0
SB1R56 - June 2023_1.pdf,Crain,87.4,89.2,87.5,80.5,86.2,84.3,88.5,87.1,88.2,92.1,91.9,88.5,85.5,90.6,91.3,95.4,90.3,94.1,93.5,93.7,91.1,90.8,89.8,94.5,91.1,94.2,95.5,96.3,98.3,92.5,https://journaliststudio.google.com/pinpoint-extract/preview?collection=d21f884d68dd655a&job=d5473ea766bd8b8d&docid=ccad74f1a1a2d6a0_d21f884d68dd655a&schid=8001&row=9&page=0
SB1R56 - June 2023_1.pdf,Dalhart,76.7,72.6,76.7,74.9,77.6,77.6,78.5,79.2,80.7,79.8,80.7,76.3,79.3,77.6,77,79.2,79.1,79.2,78.2,81.7,81.3,74.1,83.1,79.8,77.2,86.1,88.7,86.7,77.4,82.7,https://journaliststudio.google.com/pinpoint-extract/preview?collection=d21f884d68dd655a&job=d5473ea766bd8b8d&docid=ccad74f1a1a2d6a0_d21f884d68dd655a&schid=8001&row=10&page=0
SB1R56 - June 2023_1.pdf,Daniel,77.5,77.7,75.3,74.7,74.9,76.8,77.4,78.4,81.3,82.3,84.2,78.4,76.3,79.8,82.2,82.5,83.5,83.7,86,89.6,91.6,86.5,86.8,86,87.9,88.5,90.4,91.2,88.9,91.2,https://journaliststudio.google.com/pinpoint-extract/preview?collection=d21f884d68dd655a&job=d5473ea766bd8b8d&docid=ccad74f1a1a2d6a0_d21f884d68dd655a&schid=8001&row=11&page=0
SB1R56 - June 2023_1.pdf,Dominguez,85.8,89.3,87.4,82.8,85,85.5,83.5,89.9,93.9,90.9,93.2,92.4,91.8,90.7,93.5,96.1,90.9,96.8,95.3,94.9,99.1,91.9,94.4,95.2,94.8,98.5,98.5,96.8,95.1,95.6,https://journaliststudio.google.com/pinpoint-extract/preview?collection=d21f884d68dd655a&job=d5473ea766bd8b8d&docid=ccad74f1a1a2d6a0_d21f884d68dd655a&schid=8001&row=12&page=0
SB1R56 - June 2023_1.pdf,Ellis,87.8,92.7,85.8,87.9,89.6,91.1,89.7,89.5,86,89,87,87.5,90.9,89,91.6,92.4,94.4,87.2,88.9,91.8,91.3,87.5,92.1,92.5,91.5,88.4,94.6,88.5,94.5,94.1,https://journaliststudio.google.com/pinpoint-extract/preview?collection=d21f884d68dd655a&job=d5473ea766bd8b8d&docid=ccad74f1a1a2d6a0_d21f884d68dd655a&schid=8001&row=13&page=0
SB1R56 - June 2023_1.pdf,Estelle,82.9,84.4,86.1,79.1,80.1,81.3,83.6,83.5,85.2,87.9,85.2,87.1,88.5,86.5,87.8,89.3,90.2,90.1,91.7,91.8,91.6,86.6,88.8,87.5,89.1,89.9,88.9,90.8,88,89.9,https://journaliststudio.google.com/pinpoint-extract/preview?collection=d21f884d68dd655a&job=d5473ea766bd8b8d&docid=ccad74f1a1a2d6a0_d21f884d68dd655a&schid=8001&row=14&page=0
SB1R56 - June 2023_1.pdf,Ferguson,85.4,86.7,86.2,83.7,87.6,82.4,86.8,82.2,84.5,87.4,86.3,86.3,87.3,89.4,89.5,92.4,92,90.7,93,93.2,89.2,87.3,91,90.9,91.9,90.5,90.6,92.2,88.9,90.7,https://journaliststudio.google.com/pinpoint-extract/preview?collection=d21f884d68dd655a&job=d5473ea766bd8b8d&docid=ccad74f1a1a2d6a0_d21f884d68dd655a&schid=8001&row=15&page=0
SB1R56 - June 2023_1.pdf,Formby,76.6,76.6,81.1,79.5,78.6,79.3,83.8,81,88.5,84.2,85,77.2,80.1,83.1,84.3,82.3,81.5,83.3,88.5,92.3,91.2,90.4,85.7,88.9,92.1,95.5,92,90.5,86.7,88.6,https://journaliststudio.google.com/pinpoint-extract/preview?collection=d21f884d68dd655a&job=d5473ea766bd8b8d&docid=ccad74f1a1a2d6a0_d21f884d68dd655a&schid=8001&row=16&page=0
SB1R56 - June 2023_1.pdf,Garza West,91.5,93.5,93.1,94,81.4,90.7,93.3,97.2,97.6,96.5,97.8,95.6,96.7,95.6,95.5,97.8,100.8,99.6,100,100,101.4,98.2,99.4,101,100.9,101.5,102.6,98,98.5,98,https://journaliststudio.google.com/pinpoint-extract/preview?collection=d21f884d68dd655a&job=d5473ea766bd8b8d&docid=ccad74f1a1a2d6a0_d21f884d68dd655a&schid=8001&row=17&page=0
SB1R56 - June 2023_1.pdf,Gist,85.8,92.4,92.6,85.3,85.9,86.7,91.2,82.8,90.4,91.6,89.6,90.3,91.3,90.2,93.7,93.8,93.1,93.5,93.3,85.3,95.3,88.1,91.4,93.1,92.7,93.2,94.9,95.4,94.3,94.5,https://journaliststudio.google.com/pinpoint-extract/preview?collection=d21f884d68dd655a&job=d5473ea766bd8b8d&docid=ccad74f1a1a2d6a0_d21f884d68dd655a&schid=8001&row=18&page=0
SB1R56 - June 2023_1.pdf,Goodman,84.5,84.9,76.6,83.2,82.1,87.7,92.7,88.3,93.7,97,98.7,94.2,96,99.8,99.7,99.1,100.3,98.4,93.3,90.4,90,87.2,93.3,88.6,89,98.4,90.2,90.4,87.2,93.4,https://journaliststudio.google.com/pinpoint-extract/preview?collection=d21f884d68dd655a&job=d5473ea766bd8b8d&docid=ccad74f1a1a2d6a0_d21f884d68dd655a&schid=8001&row=19&page=0
SB1R56 - June 2023_1.pdf,Goree,82.7,85,84.7,80.4,79.9,78,79.6,81.5,80.8,85,81.1,82.9,83.4,83.6,85.9,82,84.2,88.7,90.8,90.8,89.2,84.4,88,91.3,89.6,89.3,90.5,88.8,84.5,90.2,https://journaliststudio.google.com/pinpoint-extract/preview?collection=d21f884d68dd655a&job=d5473ea766bd8b8d&docid=ccad74f1a1a2d6a0_d21f884d68dd655a&schid=8001&row=20&page=0
SB1R56 - June 2023_1.pdf,Hightower,85.5,86.2,87.3,82.5,84.8,73.1,83.9,85.9,88.2,87.5,89.1,88.5,87.9,88.9,91.6,90.9,87.3,90.3,91.2,89.9,90.2,91.2,87.4,91.1,91.9,88.9,95.1,93.3,93.4,90.9,https://journaliststudio.google.com/pinpoint-extract/preview?collection=d21f884d68dd655a&job=d5473ea766bd8b8d&docid=ccad74f1a1a2d6a0_d21f884d68dd655a&schid=8001&row=21&page=0
SB1R56 - June 2023_1.pdf,Hilltop,78,79.7,80.2,79.8,78.9,81.7,78.6,79.2,79.9,82.2,80.2,81.7,78.9,82.3,83.3,84.2,83.8,84.3,87.2,87.5,87.8,85.3,83.1,83.2,87.2,89,88.5,88.7,87.8,88.4,https://journaliststudio.google.com/pinpoint-extract/preview?collection=d21f884d68dd655a&job=d5473ea766bd8b8d&docid=ccad74f1a1a2d6a0_d21f884d68dd655a&schid=8001&row=22&page=0
SB1R56 - June 2023_1.pdf,Hobby,83.1,86.3,85.9,84.5,86.3,83.4,86,85,82,87.1,84,94.6,95.3,86.4,88.1,89.2,87.6,88,104.7,104,102.3,89.1,89,90,89.5,90.5,89.5,89.3,89.9,90,https://journaliststudio.google.com/pinpoint-extract/preview?collection=d21f884d68dd655a&job=d5473ea766bd8b8d&docid=ccad74f1a1a2d6a0_d21f884d68dd655a&schid=8001&row=23&page=0
SB1R56 - June 2023_1.pdf,Holliday,88.7,89.5,87.9,81.9,87,86.7,87.4,86.2,87.7,88.1,88.7,90,88.2,88.8,89.1,91.1,90.4,91.2,92.1,89.5,91.4,87.2,89.9,89.7,90.5,93.3,91.8,90.5,93,91,https://journaliststudio.google.com/pinpoint-extract/preview?collection=d21f884d68dd655a&job=d5473ea766bd8b8d&docid=ccad74f1a1a2d6a0_d21f884d68dd655a&schid=8001&row=24&page=0
SB1R56 - June 2023_1.pdf,Hughes,84,89.9,87.4,81.9,80.6,83.3,85.1,86.3,87,90.9,86.4,84.8,84.7,86.8,88,91.1,85.8,89.7,89,89.2,89,87.5,89.3,88,89.7,90.5,92.7,94.7,91.7,90,https://journaliststudio.google.com/pinpoint-extract/preview?collection=d21f884d68dd655a&job=d5473ea766bd8b8d&docid=ccad74f1a1a2d6a0_d21f884d68dd655a&schid=8001&row=25&page=0
SB1R56 - June 2023_1.pdf,Huntsville,87.1,86.7,88,79.8,81.4,84.9,86.4,84.1,85,89.5,85,85.1,89.3,89.8,91.1,89.8,89.1,91.4,91.2,91.8,93.5,89.7,85.9,85.2,88.4,85.5,87.4,88.4,86.8,91.4,https://journaliststudio.google.com/pinpoint-extract/preview?collection=d21f884d68dd655a&job=d5473ea766bd8b8d&docid=ccad74f1a1a2d6a0_d21f884d68dd655a&schid=8001&row=26&page=0
SB1R56 - June 2023_1.pdf,Hutchins,87,88.6,89.6,87.1,84.6,86.6,90,88.3,89.9,89.5,90.5,85,82.3,87.9,89.6,91.2,92.1,89.5,94.5,93.7,90.3,89.3,89.4,92.8,94,94.2,92.9,92,93.3,92.8,https://journaliststudio.google.com/pinpoint-extract/preview?collection=d21f884d68dd655a&job=d5473ea766bd8b8d&docid=ccad74f1a1a2d6a0_d21f884d68dd655a&schid=8001&row=27&page=0
SB1R56 - June 2023_1.pdf,Jester III,84.6,85.4,86.3,82.7,80.6,83.1,84.2,86.3,85.6,88.5,89.9,89.5,88.8,89.1,90.5,93.5,95.1,89.7,89.9,89.1,89.1,89.1,88.7,88.2,94.9,88.5,88.3,88.7,88,87.9,https://journaliststudio.google.com/pinpoint-extract/preview?collection=d21f884d68dd655a&job=d5473ea766bd8b8d&docid=ccad74f1a1a2d6a0_d21f884d68dd655a&schid=8001&row=28&page=0
SB1R56 - June 2023_1.pdf,Johnston,88.7,88,80.4,82.2,79.5,87.2,86.4,89.3,90.4,81,90.4,82,80.9,79.9,90.2,87.7,91.8,88.4,90.9,92.8,88.2,88.8,90.4,90.9,93.5,93.3,94.5,94.6,94.6,93.6,https://journaliststudio.google.com/pinpoint-extract/preview?collection=d21f884d68dd655a&job=d5473ea766bd8b8d&docid=ccad74f1a1a2d6a0_d21f884d68dd655a&schid=8001&row=29&page=0
SB1R56 - June 2023_1.pdf,Jordan,76.4,77.5,76.5,77.4,75.9,81.1,80.1,82.8,81.8,81.1,83.4,73.1,77.6,80.5,80.3,81.2,83.2,81.4,87.8,87.8,93.8,79.4,78.9,82.3,80.8,86.3,84.7,92.3,86.4,84.7,https://journaliststudio.google.com/pinpoint-extract/preview?collection=d21f884d68dd655a&job=d5473ea766bd8b8d&docid=ccad74f1a1a2d6a0_d21f884d68dd655a&schid=8001&row=30&page=0
SB1R56 - June 2023_1.pdf,Lewis,87.5,88.4,81.9,84.5,87.4,86.1,85.7,86.9,87,87.7,83.7,90.9,90,88.6,88.9,91.7,89.6,90.7,88.8,86.7,90.9,86.6,90,89.3,91.4,90.4,91.9,89.3,91.4,93.1,https://journaliststudio.google.com/pinpoint-extract/preview?collection=d21f884d68dd655a&job=d5473ea766bd8b8d&docid=ccad74f1a1a2d6a0_d21f884d68dd655a&schid=8001&row=31&page=0
SB1R56 - June 2023_1.pdf,Lopez,91.2,92.2,86.1,86.2,91.2,89.8,89.4,92.5,95.9,94.5,92.8,95.1,94.2,98.7,98.1,97.2,97.4,95.6,99.2,99.3,97.2,98.9,97.2,98.1,96.4,98.7,99.1,94.6,93.7,96,https://journaliststudio.google.com/pinpoint-extract/preview?collection=d21f884d68dd655a&job=d5473ea766bd8b8d&docid=ccad74f1a1a2d6a0_d21f884d68dd655a&schid=8001&row=32&page=0
SB1R56 - June 2023_1.pdf,Luther,81.4,83.5,86.1,80.5,84.8,81.5,80.9,84.9,84.3,87.1,86,96.5,86.1,86.5,88.8,89.7,87.7,89.2,90.5,101.2,88.7,86.1,91.7,88.4,93.1,89.4,90.6,89.3,92.1,91.6,https://journaliststudio.google.com/pinpoint-extract/preview?collection=d21f884d68dd655a&job=d5473ea766bd8b8d&docid=ccad74f1a1a2d6a0_d21f884d68dd655a&schid=8001&row=33&page=0
SB1R56 - June 2023_1.pdf,Lychner,88.5,89.4,89.8,83,88.3,83.6,88.2,80.2,90.2,91.1,92.3,93.2,93.7,93.8,94.5,95.7,96.4,99.8,100.6,98.8,93.7,94.8,97.1,96.5,96.2,97.5,97,97.6,96,96.3,https://journaliststudio.google.com/pinpoint-extract/preview?collection=d21f884d68dd655a&job=d5473ea766bd8b8d&docid=ccad74f1a1a2d6a0_d21f884d68dd655a&schid=8001&row=34&page=0
SB1R56 - June 2023_1.pdf,Lynaugh,86.2,82.7,82.3,82.4,81.9,80.6,81.3,82.2,81.4,81.2,86.3,86.1,86.8,88.2,88,91.3,91.2,89.9,92,90.5,92.8,93.3,93.1,92.7,93.2,93.1,93.4,87.2,90.8,90.1,https://journaliststudio.google.com/pinpoint-extract/preview?collection=d21f884d68dd655a&job=d5473ea766bd8b8d&docid=ccad74f1a1a2d6a0_d21f884d68dd655a&schid=8001&row=35&page=0
SB1R56 - June 2023_1.pdf,Mcconnell,86.2,85.5,85.4,86.1,80.3,82.6,84.7,82.6,89,88.8,89.9,89.4,91.2,86.1,91.2,88.5,92.6,91.9,92.9,93.2,90.2,91.8,92.2,90.5,93.8,93.5,93.3,92.5,90.1,90.4,https://journaliststudio.google.com/pinpoint-extract/preview?collection=d21f884d68dd655a&job=d5473ea766bd8b8d&docid=ccad74f1a1a2d6a0_d21f884d68dd655a&schid=8001&row=36&page=0
SB1R56 - June 2023_1.pdf,Memorial,83,83.6,84.6,83,78,78.4,79.8,82,81.7,82.6,86.9,84.6,89.3,88.2,86.3,90.3,89,89.9,85.4,88.7,89.4,89.3,90.3,89.2,88.3,91.7,87.8,90.4,92.3,88.6,https://journaliststudio.google.com/pinpoint-extract/preview?collection=d21f884d68dd655a&job=d5473ea766bd8b8d&docid=ccad74f1a1a2d6a0_d21f884d68dd655a&schid=8001&row=37&page=0
SB1R56 - June 2023_1.pdf,Michael,83.7,83.9,84.2,83.5,83.3,82.9,84.1,82.7,83.7,85.8,84.3,85,87.3,87,88.5,89.7,89.3,89.6,90.8,90.1,89.3,88.1,89.4,90,90.5,90.2,88.9,89.3,90.1,88.8,https://journaliststudio.google.com/pinpoint-extract/preview?collection=d21f884d68dd655a&job=d5473ea766bd8b8d&docid=ccad74f1a1a2d6a0_d21f884d68dd655a&schid=8001&row=38&page=0
SB1R56 - June 2023_1.pdf,Middleton,85.3,87.9,83.4,83.3,77.9,84.4,85.8,86.7,93.1,88.6,98.4,82.7,83.2,92.9,94.9,87.4,89.6,91,95.9,93.9,97.7,90.8,92.8,96,96.7,98.3,99,97.4,89.8,90.4,https://journaliststudio.google.com/pinpoint-extract/preview?collection=d21f884d68dd655a&job=d5473ea766bd8b8d&docid=ccad74f1a1a2d6a0_d21f884d68dd655a&schid=8001&row=39&page=0
SB1R56 - June 2023_1.pdf,Montford,73.7,76.6,76.9,76.3,73.7,80.3,79.2,83.1,88.7,89.2,87.3,61.4,81.6,84.5,84.6,85.4,85.8,86.3,87.9,95.1,91.8,88.9,88.6,87.6,92.2,91.3,89.7,90.4,89.3,90.6,https://journaliststudio.google.com/pinpoint-extract/preview?collection=d21f884d68dd655a&job=d5473ea766bd8b8d&docid=ccad74f1a1a2d6a0_d21f884d68dd655a&schid=8001&row=40&page=0
SB1R56 - June 2023_1.pdf,"Moore, C.",87.1,90.1,79.9,76.1,83.8,86,87.1,88.2,89,76.3,89.6,78.8,75.6,81.5,89.5,85.5,87.5,77.1,89.6,92.3,88.8,89.1,89.3,92.7,93.5,91.6,92.9,92.6,93.3,92.8,https://journaliststudio.google.com/pinpoint-extract/preview?collection=d21f884d68dd655a&job=d5473ea766bd8b8d&docid=ccad74f1a1a2d6a0_d21f884d68dd655a&schid=8001&row=41&page=0
SB1R56 - June 2023_1.pdf,O’Daniel,84.5,86,85.3,78.5,78.4,83.6,82.8,82.3,83.4,87.6,85.3,87.3,91.1,99.8,101,90.5,87.2,97.6,106.8,100,92.9,88.5,88.2,90.2,90.2,95,90.2,92.1,91.6,90.9,https://journaliststudio.google.com/pinpoint-extract/preview?collection=d21f884d68dd655a&job=d5473ea766bd8b8d&docid=ccad74f1a1a2d6a0_d21f884d68dd655a&schid=8001&row=42&page=0
SB1R56 - June 2023_1.pdf,Murray,86,82.2,85.5,80.6,83.6,85.8,82.7,87.2,90.6,85.9,83.1,85.7,84.9,87.5,87.5,88.9,86.5,89.7,82.3,89.8,92.2,88.7,87.1,88.6,90.7,87.5,89.8,89.1,92.2,90,https://journaliststudio.google.com/pinpoint-extract/preview?collection=d21f884d68dd655a&job=d5473ea766bd8b8d&docid=ccad74f1a1a2d6a0_d21f884d68dd655a&schid=8001&row=43&page=0
SB1R56 - June 2023_1.pdf,Plane,91.9,93.6,92.7,87.9,91.8,84,90.3,88.9,91.5,91.8,99.3,100,102.7,102.6,103.1,102.1,103.2,96.8,93.3,93.7,96.7,93.6,90.4,95.5,95.3,92.3,94.9,89.6,93.3,95.3,https://journaliststudio.google.com/pinpoint-extract/preview?collection=d21f884d68dd655a&job=d5473ea766bd8b8d&docid=ccad74f1a1a2d6a0_d21f884d68dd655a&schid=8001&row=44&page=0
SB1R56 - June 2023_1.pdf,Polunsky,90.8,87.2,87.8,85.1,84.6,89.4,92.3,95,91.6,89.3,86.5,89.7,89.6,90.2,91.8,90.8,92.3,92.3,92.6,91.9,92.9,90.5,91.5,92.9,90.9,94.5,92,92.3,90.5,93.5,https://journaliststudio.google.com/pinpoint-extract/preview?collection=d21f884d68dd655a&job=d5473ea766bd8b8d&docid=ccad74f1a1a2d6a0_d21f884d68dd655a&schid=8001&row=45&page=0
SB1R56 - June 2023_1.pdf,Powledge,88.3,85.8,89.6,85.2,82.8,86.4,84.7,84.4,86.1,88,83.9,86.8,87,87.7,88.2,88.9,89,89.1,89.8,89,90.4,79.9,89.3,78.3,89.3,89.9,90.5,88.8,89.3,90.6,https://journaliststudio.google.com/pinpoint-extract/preview?collection=d21f884d68dd655a&job=d5473ea766bd8b8d&docid=ccad74f1a1a2d6a0_d21f884d68dd655a&schid=8001&row=46&page=0
SB1R56 - June 2023_2.pdf,Roach,78.2,79.4,76.2,76.4,75.5,78.3,78.6,79.5,81.9,83.1,83.3,76.8,77.1,78.6,83.2,82,84.1,82.3,89.4,91.2,87.1,93.8,85.9,92.1,89.3,98.4,88.5,91.6,91.1,90.8,https://journaliststudio.google.com/pinpoint-extract/preview?collection=d21f884d68dd655a&job=d5473ea766bd8b8d&docid=7a9b128c263eb3f6_d21f884d68dd655a&schid=8001&row=3&page=0
SB1R56 - June 2023_2.pdf,Robertson,85.5,81.9,69.5,78.8,73,85.5,85.4,81.2,90,91.4,88.6,75.5,75.4,84,88,81.5,88.8,85.9,94.2,97.5,99.5,99,87.3,99.8,93,92.3,94.6,97,92.8,89,https://journaliststudio.google.com/pinpoint-extract/preview?collection=d21f884d68dd655a&job=d5473ea766bd8b8d&docid=7a9b128c263eb3f6_d21f884d68dd655a&schid=8001&row=4&page=0
SB1R56 - June 2023_2.pdf,Sanchez,81.9,81,82.3,81.5,83.2,86.2,81,85.5,81.3,85.8,89.8,90,90.2,89.5,89.5,88.3,88.7,83.5,90.6,89.3,90.6,90.2,86.9,96.7,92.5,91.2,95.7,89.8,90.4,88.9,https://journaliststudio.google.com/pinpoint-extract/preview?collection=d21f884d68dd655a&job=d5473ea766bd8b8d&docid=7a9b128c263eb3f6_d21f884d68dd655a&schid=8001&row=5&page=0
SB1R56 - June 2023_2.pdf,Segovia,,83.3,89.1,86.7,90.2,84.5,84.1,85.4,89.4,92.1,90.5,93,94.8,98,95.6,96,95,96.5,95.2,96.4,99.1,98.1,96.3,96.6,95,96.3,96.4,95.2,94.2,92.4,https://journaliststudio.google.com/pinpoint-extract/preview?collection=d21f884d68dd655a&job=d5473ea766bd8b8d&docid=7a9b128c263eb3f6_d21f884d68dd655a&schid=8001&row=6&page=0
SB1R56 - June 2023_2.pdf,Smith,75.2,75.9,74.5,76.8,77.6,79,77.9,78.1,79.3,79.9,82.9,77.3,80.3,83.2,82.1,81.8,84.7,82.6,84.9,82.9,89.6,85.7,85,88.2,88.3,88.8,89,89.8,86.1,89.2,https://journaliststudio.google.com/pinpoint-extract/preview?collection=d21f884d68dd655a&job=d5473ea766bd8b8d&docid=7a9b128c263eb3f6_d21f884d68dd655a&schid=8001&row=7&page=0
SB1R56 - June 2023_2.pdf,Stevenson,89.4,89.7,88.9,86.4,89.8,90.6,90,89.2,90.1,91.5,90.6,94.8,92.4,97.3,95,95.3,93.1,94.3,96.8,95.3,95.8,89.3,95.3,89.7,93.5,95.3,93.8,95.6,96.1,95.5,https://journaliststudio.google.com/pinpoint-extract/preview?collection=d21f884d68dd655a&job=d5473ea766bd8b8d&docid=7a9b128c263eb3f6_d21f884d68dd655a&schid=8001&row=8&page=0
SB1R56 - June 2023_2.pdf,Stiles,85.6,86.8,88.1,85.3,83.4,84.5,84,84.4,85.2,87.5,85.5,87.3,87.4,86.8,88.4,88,89.7,89,88.7,87.7,88.8,87.1,83.6,89,89.4,89.1,88.1,89.1,89.4,91.4,https://journaliststudio.google.com/pinpoint-extract/preview?collection=d21f884d68dd655a&job=d5473ea766bd8b8d&docid=7a9b128c263eb3f6_d21f884d68dd655a&schid=8001&row=9&page=0
SB1R56 - June 2023_2.pdf,Stringfellow,87.5,84,83.3,82.6,80.6,82.1,81.7,82.3,85.8,89.1,87.4,84.6,85.3,88.2,90.2,89.2,89.9,90.1,92.1,91.7,90.7,88.7,87.4,88.1,88.3,89.3,87.7,89.6,89.2,88.8,https://journaliststudio.google.com/pinpoint-extract/preview?collection=d21f884d68dd655a&job=d5473ea766bd8b8d&docid=7a9b128c263eb3f6_d21f884d68dd655a&schid=8001&row=10&page=0
SB1R56 - June 2023_2.pdf,Telford,83.2,83.2,82,82.1,81.4,82.3,85.3,83.4,84.8,76.6,84.2,77.2,77.5,77.5,82.6,83,84.3,83.5,84.6,84.6,86.3,86,86.7,88,90.7,85.8,91.6,91.2,91.9,91.4,https://journaliststudio.google.com/pinpoint-extract/preview?collection=d21f884d68dd655a&job=d5473ea766bd8b8d&docid=7a9b128c263eb3f6_d21f884d68dd655a&schid=8001&row=11&page=0
SB1R56 - June 2023_2.pdf,Terrell,85.2,85.6,78.6,81.2,76.2,79.4,81.6,86.6,86.5,85.6,90,87.7,90.6,87.3,92,91.6,92.2,91.6,93.1,93.8,91.5,88.6,93.2,94.8,86.6,94.2,91.1,92.3,93.7,92.7,https://journaliststudio.google.com/pinpoint-extract/preview?collection=d21f884d68dd655a&job=d5473ea766bd8b8d&docid=7a9b128c263eb3f6_d21f884d68dd655a&schid=8001&row=12&page=0
SB1R56 - June 2023_2.pdf,Torres,85.8,89.5,83.7,84.3,86.5,85.3,88.9,87.9,87.5,87.9,87.6,88.5,87.4,84.8,87.8,89.5,89.9,92.7,90.4,90.2,89.8,89.6,89.5,88.9,93.4,92.1,94.8,93,92.5,87.2,https://journaliststudio.google.com/pinpoint-extract/preview?collection=d21f884d68dd655a&job=d5473ea766bd8b8d&docid=7a9b128c263eb3f6_d21f884d68dd655a&schid=8001&row=13&page=0
SB1R56 - June 2023_2.pdf,Vance,89.3,90.1,89.5,87,80.1,85.3,88.6,88.5,91.4,90.4,96.1,93.5,91.1,92.1,95.1,94.2,94.2,98.2,95.6,95.7,95.9,94.5,93.7,95.3,96.1,95.3,95.8,94.9,94.4,98.5,https://journaliststudio.google.com/pinpoint-extract/preview?collection=d21f884d68dd655a&job=d5473ea766bd8b8d&docid=7a9b128c263eb3f6_d21f884d68dd655a&schid=8001&row=14&page=0
SB1R56 - June 2023_2.pdf,Wainwright,86.7,88.2,88.3,84.4,83.5,80.8,79.8,80.6,83.7,87.6,83.9,88.9,84.2,85.9,90.4,87.7,87.5,87,91.6,90.5,89.4,88.2,88.9,88.4,89,98.3,97.2,98.1,90.1,88.9,https://journaliststudio.google.com/pinpoint-extract/preview?collection=d21f884d68dd655a&job=d5473ea766bd8b8d&docid=7a9b128c263eb3f6_d21f884d68dd655a&schid=8001&row=15&page=0
SB1R56 - June 2023_2.pdf,Wallace,81.7,82.1,78.3,78.1,79.9,81.7,83.5,83.4,87.2,88.3,88,87.1,84.3,85.5,89.9,86.8,84.8,88.8,94,94.5,94,91.4,94.2,95.1,95.5,93.5,96.5,94.6,94.4,91.1,https://journaliststudio.google.com/pinpoint-extract/preview?collection=d21f884d68dd655a&job=d5473ea766bd8b8d&docid=7a9b128c263eb3f6_d21f884d68dd655a&schid=8001&row=16&page=0
SB1R56 - June 2023_2.pdf,Wheeler,77.8,77.3,73.7,76.3,78.9,78.6,79.4,83.1,80.9,78.4,78.9,71.3,78.7,83.5,82.3,85.6,79.1,80.8,85.9,88.5,86.4,85.1,85,87.3,95.4,81.7,80.4,93.7,95.3,87,https://journaliststudio.google.com/pinpoint-extract/preview?collection=d21f884d68dd655a&job=d5473ea766bd8b8d&docid=7a9b128c263eb3f6_d21f884d68dd655a&schid=8001&row=17&page=0
SB1R56 - June 2023_2.pdf,Woodman,87.1,90.3,86.5,77.9,87,81.5,88.4,94.1,92.9,98.1,94,88.8,87.4,90.3,92.1,93.4,91.9,96.8,96.7,96.9,94.2,93.4,92.1,93.5,92.4,96.8,99.5,95.9,95.8,93,https://journaliststudio.google.com/pinpoint-extract/preview?collection=d21f884d68dd655a&job=d5473ea766bd8b8d&docid=7a9b128c263eb3f6_d21f884d68dd655a&schid=8001&row=18&page=0
SB1R56 - June 2023_2.pdf,Wynne,86.2,87,87.2,81.1,86.4,84.3,85.5,84.3,88.4,82.9,94.6,89,90.6,89.1,91.2,91.6,90.3,91.9,91.4,92.4,92.7,90.2,90.4,90.9,91.2,90.7,91.8,92.3,91.1,91.1,https://journaliststudio.google.com/pinpoint-extract/preview?collection=d21f884d68dd655a&job=d5473ea766bd8b8d&docid=7a9b128c263eb3f6_d21f884d68dd655a&schid=8001&row=19&page=0
SB1R56 - June 2023_2.pdf,Young,86.7,86.3,88.8,87.9,81.1,76.3,88.7,88.7,88.8,89,89.6,88.8,90.1,89.8,91.3,93.7,92.2,93.1,92.5,92.4,94.1,94.5,95,93.5,91.3,91.8,93.3,93.9,91.4,92.7,https://journaliststudio.google.com/pinpoint-extract/preview?collection=d21f884d68dd655a&job=d5473ea766bd8b8d&docid=7a9b128c263eb3f6_d21f884d68dd655a&schid=8001&row=20&page=0
SB1R56 - September 2023_1.pdf,Allred,89.3,88.7,89.3,97.9,94.5,91.1,94.4,96.7,90.5,89.5,82.2,78.9,80.6,80.1,81.5,82.9,81.3,82.6,86.2,85.9,85.5,89.9,91.3,94.5,84.1,85.1,85.4,86.6,89.6,88.2,https://journaliststudio.google.com/pinpoint-extract/preview?collection=d21f884d68dd655a&job=d5473ea766bd8b8d&docid=d9a6ebfc57737997_d21f884d68dd655a&schid=8001&row=0&page=0
SB1R56 - September 2023_1.pdf,Beto,88.4,86.5,90.4,89.8,91.1,91.3,91.9,93.8,88.2,84.7,82,83.6,80.5,77.1,79,75.5,81.6,81.9,84.5,84.7,85.3,86.8,86.8,87.8,83.7,84,84.8,85.4,86.5,85.3,https://journaliststudio.google.com/pinpoint-extract/preview?collection=d21f884d68dd655a&job=d5473ea766bd8b8d&docid=d9a6ebfc57737997_d21f884d68dd655a&schid=8001&row=1&page=0
SB1R56 - September 2023_1.pdf,Boyd ,90.3,92.1,93.1,91.9,93.7,90.8,95.9,96.9,88.5,90,85.2,87.8,82.7,77.9,78.6,79.5,85.1,85.4,87.7,88.7,89.2,89.1,89.5,89.9,88.1,87.7,89.9,88.9,88.2,85.6,https://journaliststudio.google.com/pinpoint-extract/preview?collection=d21f884d68dd655a&job=d5473ea766bd8b8d&docid=d9a6ebfc57737997_d21f884d68dd655a&schid=8001&row=1&page=0
SB1R56 - September 2023_1.pdf,Bradshaw,92.1,90.3,87.5,84.4,94.1,94.6,96.1,94,87.2,84.7,85.1,85.5,74.8,76.5,82.3,82.7,86.9,88.1,90,87.1,89.2,91.7,95.8,90.9,84.5,88.7,93.7,93.8,89.8,90.2,https://journaliststudio.google.com/pinpoint-extract/preview?collection=d21f884d68dd655a&job=d5473ea766bd8b8d&docid=d9a6ebfc57737997_d21f884d68dd655a&schid=8001&row=1&page=0
SB1R56 - September 2023_1.pdf,Briscoe,94,94.2,96,94,95.4,96,94.2,95.7,93.6,96.2,93.5,95.1,94.1,94.8,95.2,97,93.5,92.7,92.1,93.8,93.1,93,95,96,93,94.3,93.4,93.4,90.1,85.8,https://journaliststudio.google.com/pinpoint-extract/preview?collection=d21f884d68dd655a&job=d5473ea766bd8b8d&docid=d9a6ebfc57737997_d21f884d68dd655a&schid=8001&row=2&page=0
SB1R56 - September 2023_1.pdf,Byrd,82.3,81.3,88.3,91,90.8,89.1,91.8,93.4,79.1,84.1,82.4,83.2,81.9,75.1,75.3,77.9,82.1,85.5,88.2,87.8,81.1,83.2,83.1,85.3,81.2,83.1,82.5,83.2,87.2,83.7,https://journaliststudio.google.com/pinpoint-extract/preview?collection=d21f884d68dd655a&job=d5473ea766bd8b8d&docid=d9a6ebfc57737997_d21f884d68dd655a&schid=8001&row=3&page=0
SB1R56 - September 2023_1.pdf,Clemens,90.4,88.6,89.1,86.9,89.4,86,88.7,89.6,82,84.6,87.5,85.7,77.3,80.2,83.9,79.4,81.8,86,83.7,85.7,87.5,87.6,87.5,85.7,82.9,80.2,79.9,79.2,82.4,84.1,https://journaliststudio.google.com/pinpoint-extract/preview?collection=d21f884d68dd655a&job=d5473ea766bd8b8d&docid=d9a6ebfc57737997_d21f884d68dd655a&schid=8001&row=4&page=0
SB1R56 - September 2023_1.pdf,Clements,85,86.6,87,87.9,86.1,83.2,86.4,87,84.4,83,76.7,72.6,70,71.2,72.2,72.9,74.5,77.1,79,79.2,79.7,80.3,80,79.7,78,78.9,80.7,81,82.5,81,https://journaliststudio.google.com/pinpoint-extract/preview?collection=d21f884d68dd655a&job=d5473ea766bd8b8d&docid=d9a6ebfc57737997_d21f884d68dd655a&schid=8001&row=5&page=0
SB1R56 - September 2023_1.pdf,Coffield,89.2,88.5,88.5,89.1,90.4,91.9,92.6,93.9,86.8,83,81.2,85.9,80.5,77.6,80,84,84.7,85.5,84.6,83.1,90.2,84.1,98,87.3,82.1,86.3,86,87.5,84.3,83.3,https://journaliststudio.google.com/pinpoint-extract/preview?collection=d21f884d68dd655a&job=d5473ea766bd8b8d&docid=d9a6ebfc57737997_d21f884d68dd655a&schid=8001&row=6&page=0
SB1R56 - September 2023_1.pdf,Cole,90.1,83.6,86.8,91,89.3,91.4,96.6,90.4,84.9,87.5,81.9,79.2,76.8,75.4,82.2,78.1,85.5,88.3,82.5,84.9,85.2,82.1,89.1,86.6,82,82,89,87.9,86.5,89.3,https://journaliststudio.google.com/pinpoint-extract/preview?collection=d21f884d68dd655a&job=d5473ea766bd8b8d&docid=d9a6ebfc57737997_d21f884d68dd655a&schid=8001&row=7&page=0
SB1R56 - September 2023_1.pdf,Connally,91.9,96.5,90.5,92.2,93.1,92.4,92.8,93.5,92.4,92.1,92.1,91.6,92.4,91.6,90.5,89.2,88.1,91.8,93.8,89.6,90.6,90.5,91.2,92.1,90.7,89.1,89.7,90.1,94.1,89.3,https://journaliststudio.google.com/pinpoint-extract/preview?collection=d21f884d68dd655a&job=d5473ea766bd8b8d&docid=d9a6ebfc57737997_d21f884d68dd655a&schid=8001&row=8&page=0
SB1R56 - September 2023_1.pdf,Crain,93.9,92.5,97,92.7,94.9,94.9,97.5,99.9,98.9,94.1,93.5,90,80.1,79.3,81.6,78,86.4,86.3,88.7,90.3,91.6,94,92.4,96.6,88.9,91,90.1,90.9,89.6,88.4,https://journaliststudio.google.com/pinpoint-extract/preview?collection=d21f884d68dd655a&job=d5473ea766bd8b8d&docid=d9a6ebfc57737997_d21f884d68dd655a&schid=8001&row=9&page=0
SB1R56 - September 2023_1.pdf,Dalhart,87,90,92.1,93.5,82.4,82.2,84.1,88,87.2,82.9,59.8,63.4,69.5,76.9,78.7,77.9,79.2,86.8,88.7,87.5,85.5,81.5,81,79.4,82.7,83.4,87.6,89.9,89.6,84.2,https://journaliststudio.google.com/pinpoint-extract/preview?collection=d21f884d68dd655a&job=d5473ea766bd8b8d&docid=d9a6ebfc57737997_d21f884d68dd655a&schid=8001&row=10&page=0
SB1R56 - September 2023_1.pdf,Daniel,87.8,88.6,88.9,88.5,93.3,94,91.2,90.8,91.7,90.2,88.3,73.9,78.5,79.1,81.5,79.2,80.3,81.3,83.2,85.3,83.5,86.5,88.9,88.2,87,84.8,85,85.4,84.2,84.5,https://journaliststudio.google.com/pinpoint-extract/preview?collection=d21f884d68dd655a&job=d5473ea766bd8b8d&docid=d9a6ebfc57737997_d21f884d68dd655a&schid=8001&row=11&page=0
SB1R56 - September 2023_1.pdf,Dominguez,95.4,91.1,94.7,94.3,96.7,96.8,98.6,94.7,91.2,97.3,93,90.4,90.7,93.9,93.6,88,87.7,92.8,93.5,88.3,93.5,94,88,97.5,92.1,91.8,92.4,92.3,94.6,90.6,https://journaliststudio.google.com/pinpoint-extract/preview?collection=d21f884d68dd655a&job=d5473ea766bd8b8d&docid=d9a6ebfc57737997_d21f884d68dd655a&schid=8001&row=12&page=0
SB1R56 - September 2023_1.pdf,Ellis,88.5,94,91.1,88.3,93.9,93,94.6,93.7,91.6,87.7,85,86.4,85.6,80.2,80.6,86.2,87.3,88.3,84.9,89.3,89.8,86.6,85.6,88.5,81,84.4,89.3,91,83.6,86.5,https://journaliststudio.google.com/pinpoint-extract/preview?collection=d21f884d68dd655a&job=d5473ea766bd8b8d&docid=d9a6ebfc57737997_d21f884d68dd655a&schid=8001&row=13&page=0
SB1R56 - September 2023_1.pdf,Estelle,91.2,89.7,88.5,91.5,92.1,94.1,96,92.4,89.7,86.9,89,84.5,87.7,81.8,80.4,84.4,86.6,84.4,85.1,87.1,89.6,91.9,92.8,90.8,87.8,88.2,89.4,88.6,87.9,90.5,https://journaliststudio.google.com/pinpoint-extract/preview?collection=d21f884d68dd655a&job=d5473ea766bd8b8d&docid=d9a6ebfc57737997_d21f884d68dd655a&schid=8001&row=14&page=0
SB1R56 - September 2023_1.pdf,Ferguson,90.1,91.4,91.4,90.8,96,93.7,92.4,92.6,92.3,87.6,88.6,87.8,86.4,82.9,82.8,83.7,82.8,85.7,85.7,87.3,87.4,87.9,86,88.5,86.1,88.2,90.3,85.3,89.6,88.5,https://journaliststudio.google.com/pinpoint-extract/preview?collection=d21f884d68dd655a&job=d5473ea766bd8b8d&docid=d9a6ebfc57737997_d21f884d68dd655a&schid=8001&row=15&page=0
SB1R56 - September 2023_1.pdf,Formby,86.1,91.5,88.1,88.7,86.6,87.3,88.9,88.4,85.7,85.9,79.5,76.5,74.5,76.5,76.2,75.1,75.8,82.5,85,86.1,82.5,87.3,82.6,80.4,80.2,82.5,83.2,82.3,82.6,81.7,https://journaliststudio.google.com/pinpoint-extract/preview?collection=d21f884d68dd655a&job=d5473ea766bd8b8d&docid=d9a6ebfc57737997_d21f884d68dd655a&schid=8001&row=16&page=0
SB1R56 - September 2023_1.pdf,Garza West,100,99.3,98.2,97.6,99.6,98.8,101.5,100.1,99.2,98.9,100.5,102,97.7,97.3,94.6,91.2,96.4,96.9,96.8,98.1,100.2,96.2,99.2,98.6,98.6,98.3,95.4,95.1,95.2,95.5,https://journaliststudio.google.com/pinpoint-extract/preview?collection=d21f884d68dd655a&job=d5473ea766bd8b8d&docid=d9a6ebfc57737997_d21f884d68dd655a&schid=8001&row=17&page=0
SB1R56 - September 2023_1.pdf,Gist,96.2,94.9,95.1,93.4,96.7,97.2,97.1,93.7,93.8,93.4,91.3,92.9,92.3,81.7,79.4,90.4,93.8,93.2,91.6,94.9,95.9,93.4,94.4,91.4,91.9,94.4,91.6,96.3,93.1,93.8,https://journaliststudio.google.com/pinpoint-extract/preview?collection=d21f884d68dd655a&job=d5473ea766bd8b8d&docid=d9a6ebfc57737997_d21f884d68dd655a&schid=8001&row=18&page=0
SB1R56 - September 2023_1.pdf,Goodman,86.4,88.8,89.9,87.1,87,89.6,86.7,82.7,80.1,85.6,85.8,84.8,81.7,75.7,80.7,86.3,86.7,84.7,82.7,83.3,87,87.6,88,84.2,78.1,92,85.5,82.1,81.2,84.4,https://journaliststudio.google.com/pinpoint-extract/preview?collection=d21f884d68dd655a&job=d5473ea766bd8b8d&docid=d9a6ebfc57737997_d21f884d68dd655a&schid=8001&row=19&page=0
SB1R56 - September 2023_1.pdf,Goree,84.9,84.2,87.8,86.5,89.3,90,86.5,86.7,83.2,86.6,83.4,83.4,81.8,79.1,78,82.7,83.4,82.1,82.3,83,85,87.5,85.3,87.7,87.5,83.8,84.4,85.2,81.2,85.6,https://journaliststudio.google.com/pinpoint-extract/preview?collection=d21f884d68dd655a&job=d5473ea766bd8b8d&docid=d9a6ebfc57737997_d21f884d68dd655a&schid=8001&row=20&page=0
SB1R56 - September 2023_1.pdf,Hightower,92.1,95.8,96.9,91.9,89.1,90.7,93.9,92.9,88.3,90.4,89,92.1,89.7,87.5,83.5,93,88.5,86.7,86.8,90.1,89.1,90.3,89.5,92.3,87.7,86.3,85.5,86.7,88,83.1,https://journaliststudio.google.com/pinpoint-extract/preview?collection=d21f884d68dd655a&job=d5473ea766bd8b8d&docid=d9a6ebfc57737997_d21f884d68dd655a&schid=8001&row=21&page=0
SB1R56 - September 2023_1.pdf,Hilltop,87.2,88.2,89.3,87.1,89,89.3,90.6,91.9,90.9,87.5,83,85.6,77.6,79.9,77.9,77.5,78.9,78.8,82.9,84.5,84.7,84.8,86.1,87.7,85.1,85.2,83.3,84.2,83.4,87.3,https://journaliststudio.google.com/pinpoint-extract/preview?collection=d21f884d68dd655a&job=d5473ea766bd8b8d&docid=d9a6ebfc57737997_d21f884d68dd655a&schid=8001&row=22&page=0
SB1R56 - September 2023_1.pdf,Hobby,90.9,91.2,93.1,95.2,92.3,94.2,94.9,96.2,94.2,92,88,88.5,85.1,81.8,81.3,81.5,82.9,83,87.3,88.3,88.9,91.1,90.2,93,88.8,90.8,90.1,88,88.5,89,https://journaliststudio.google.com/pinpoint-extract/preview?collection=d21f884d68dd655a&job=d5473ea766bd8b8d&docid=d9a6ebfc57737997_d21f884d68dd655a&schid=8001&row=23&page=0
SB1R56 - September 2023_1.pdf,Holliday,95.9,89.7,90.6,93.6,95.6,91.7,99.6,96.8,95,92.7,91.2,95,85.7,77.7,76.1,85.1,89.3,90.2,96.2,95.7,92.6,96.2,91.5,94.3,90.2,90,91.6,92.3,92.2,90.6,https://journaliststudio.google.com/pinpoint-extract/preview?collection=d21f884d68dd655a&job=d5473ea766bd8b8d&docid=d9a6ebfc57737997_d21f884d68dd655a&schid=8001&row=24&page=0
SB1R56 - September 2023_1.pdf,Hughes,90.1,90.8,91.1,90,90.5,92.6,92.8,94.1,90.4,87,86.3,87,77.8,79.9,80.1,77.8,79.8,84,87.9,88.8,89,88.7,88.5,89.7,84.7,85.6,85.7,86.4,87.2,87.4,https://journaliststudio.google.com/pinpoint-extract/preview?collection=d21f884d68dd655a&job=d5473ea766bd8b8d&docid=d9a6ebfc57737997_d21f884d68dd655a&schid=8001&row=25&page=0
SB1R56 - September 2023_1.pdf,Huntsville,91.1,91.8,88.5,92.1,93.2,92.9,93,94.8,90.8,90.1,87.4,89.4,88.8,80.6,80.3,83,86.3,88.6,88.7,89.6,96.9,90.6,91.1,93.2,88.2,89.1,89.5,88.2,88.4,89,https://journaliststudio.google.com/pinpoint-extract/preview?collection=d21f884d68dd655a&job=d5473ea766bd8b8d&docid=d9a6ebfc57737997_d21f884d68dd655a&schid=8001&row=26&page=0
SB1R56 - September 2023_1.pdf,Hutchins,93,92.6,95.5,94,96.6,96.8,97.8,98.6,91.6,88.7,86.1,85.6,84,78.2,81.4,85.5,85.4,85.7,90.4,88.3,88.2,91.2,88.7,95.5,88.3,89.7,90.5,91.2,90.1,90.2,https://journaliststudio.google.com/pinpoint-extract/preview?collection=d21f884d68dd655a&job=d5473ea766bd8b8d&docid=d9a6ebfc57737997_d21f884d68dd655a&schid=8001&row=27&page=0
SB1R56 - September 2023_1.pdf,Jester III,87.7,88.2,89.4,84.6,89.8,88.4,91.1,90.3,88.3,87.3,85.1,86.5,87.1,87.6,86.6,83.4,87.6,86.1,84,87,89.6,88.3,88,87.3,85.5,84.9,85.5,87,85.8,88.4,https://journaliststudio.google.com/pinpoint-extract/preview?collection=d21f884d68dd655a&job=d5473ea766bd8b8d&docid=d9a6ebfc57737997_d21f884d68dd655a&schid=8001&row=28&page=0
SB1R56 - September 2023_1.pdf,Johnston,86.1,89.6,88.2,87.4,90.1,92.3,94.4,91,86.8,82.6,82.1,83,80.1,76.1,81,78.3,82.3,87,85.9,81.8,86.9,83.8,89.5,87.3,87.4,87.8,87.5,91.1,89.6,88.8,https://journaliststudio.google.com/pinpoint-extract/preview?collection=d21f884d68dd655a&job=d5473ea766bd8b8d&docid=d9a6ebfc57737997_d21f884d68dd655a&schid=8001&row=29&page=0
SB1R56 - September 2023_1.pdf,Jordan,88.5,88.3,85.4,87.5,83.5,83.7,88.1,87.3,84.7,83.2,79.7,74.4,75.3,74.6,76.6,81.4,81.3,80.9,78.2,80.4,82.8,81.2,81,79.4,78.6,80.5,79.7,81.6,82.2,80.6,https://journaliststudio.google.com/pinpoint-extract/preview?collection=d21f884d68dd655a&job=d5473ea766bd8b8d&docid=d9a6ebfc57737997_d21f884d68dd655a&schid=8001&row=30&page=0
SB1R56 - September 2023_1.pdf,Lewis,84.8,89.5,90.8,91,98.2,91.4,97.2,90.3,85,87,84.7,84,83.4,75.3,86,91.2,86.4,91.3,93.5,90.8,93,92.6,90.7,86.6,83.2,93.7,87.1,87.6,91.2,90.2,https://journaliststudio.google.com/pinpoint-extract/preview?collection=d21f884d68dd655a&job=d5473ea766bd8b8d&docid=d9a6ebfc57737997_d21f884d68dd655a&schid=8001&row=31&page=0
SB1R56 - September 2023_1.pdf,Lopez,94.3,95.1,95.2,94.6,95.4,96.1,94.5,95.7,96.1,95.2,93.9,93.5,93.2,92.9,95.1,90.5,79.6,90.7,90.4,90.8,91.5,94.5,94.6,94.7,93.7,95.6,93.6,90.6,91.3,90.5,https://journaliststudio.google.com/pinpoint-extract/preview?collection=d21f884d68dd655a&job=d5473ea766bd8b8d&docid=d9a6ebfc57737997_d21f884d68dd655a&schid=8001&row=32&page=0
SB1R56 - September 2023_1.pdf,Luther,89.3,89.5,90.5,90.9,91.9,95,91.4,93.5,90.1,89.4,87.2,88.5,87.9,83.2,78.7,84.3,85.5,84.5,86.3,88.2,88.7,95,89.4,89.3,86.9,84.7,85.4,85.8,85.6,85.8,https://journaliststudio.google.com/pinpoint-extract/preview?collection=d21f884d68dd655a&job=d5473ea766bd8b8d&docid=d9a6ebfc57737997_d21f884d68dd655a&schid=8001&row=33&page=0
SB1R56 - September 2023_1.pdf,Lychner,98.2,95.4,96.4,98.6,95.7,99.7,100,102.2,101,94.1,94.5,96.4,94.9,79.4,74.4,82.1,88.1,92.7,93.7,91.3,93.9,94.5,94.1,94.5,96,92.5,92.7,93.8,91,89.9,https://journaliststudio.google.com/pinpoint-extract/preview?collection=d21f884d68dd655a&job=d5473ea766bd8b8d&docid=d9a6ebfc57737997_d21f884d68dd655a&schid=8001&row=34&page=0
SB1R56 - September 2023_1.pdf,Lynaugh,82.4,83.4,84.2,83.9,82,83.9,89.7,83.5,83.4,83.6,81.7,79.4,86.6,78.5,78.5,76.5,74.9,77.5,82.1,80.4,86.3,85.7,85.2,86,86.3,82.4,85.8,81.3,81.3,77.3,https://journaliststudio.google.com/pinpoint-extract/preview?collection=d21f884d68dd655a&job=d5473ea766bd8b8d&docid=d9a6ebfc57737997_d21f884d68dd655a&schid=8001&row=35&page=0
SB1R56 - September 2023_1.pdf,Mcconnell,93.8,90.8,91.7,93.5,92.7,93.3,90.9,92.2,92.7,92.6,92.2,92.3,92.1,92.6,95.1,87.7,88.5,89.7,90.5,92.9,96.8,90.5,91.7,92.2,91.3,88.3,89.6,89.9,88.3,86.7,https://journaliststudio.google.com/pinpoint-extract/preview?collection=d21f884d68dd655a&job=d5473ea766bd8b8d&docid=d9a6ebfc57737997_d21f884d68dd655a&schid=8001&row=36&page=0
SB1R56 - September 2023_1.pdf,Memorial,81.4,87.6,91.8,86.7,88,88.9,88.3,87.3,90.2,86.6,85.6,86.3,86.7,84,84.1,82.1,80.5,84.8,84.8,86.8,83,84.1,92,89.3,85.2,84.4,84.4,83.6,83.3,83.4,https://journaliststudio.google.com/pinpoint-extract/preview?collection=d21f884d68dd655a&job=d5473ea766bd8b8d&docid=d9a6ebfc57737997_d21f884d68dd655a&schid=8001&row=37&page=0
SB1R56 - September 2023_1.pdf,Michael,88.5,89.5,91,90.9,91.2,91.3,92.4,92.4,89.4,87.6,84,84.1,82.5,78.1,79.7,81.2,82.6,85.4,81.7,85.8,86,84.3,88.7,90.7,86.1,86.3,86.4,87.9,85.7,85.8,https://journaliststudio.google.com/pinpoint-extract/preview?collection=d21f884d68dd655a&job=d5473ea766bd8b8d&docid=d9a6ebfc57737997_d21f884d68dd655a&schid=8001&row=38&page=0
SB1R56 - September 2023_1.pdf,Middleton,95.5,91.2,95,95.9,98.3,97.7,97.2,97,94.9,90.6,91.1,80.9,79.3,83.7,88.4,85,88.7,87.3,91.1,94.3,85.1,91.6,96.9,90.1,87,88.3,90.7,88.7,90.1,89.5,https://journaliststudio.google.com/pinpoint-extract/preview?collection=d21f884d68dd655a&job=d5473ea766bd8b8d&docid=d9a6ebfc57737997_d21f884d68dd655a&schid=8001&row=39&page=0
SB1R56 - September 2023_1.pdf,Montford,90.4,91.5,89.7,88.8,89,91.3,89.6,90.5,92.8,88.2,83.4,76.7,76.1,86.7,80.7,80.4,81.3,82.2,84.5,86.2,81.4,90.1,85.8,87.8,84.2,85.4,84.1,87.5,86.5,84.2,https://journaliststudio.google.com/pinpoint-extract/preview?collection=d21f884d68dd655a&job=d5473ea766bd8b8d&docid=d9a6ebfc57737997_d21f884d68dd655a&schid=8001&row=40&page=0
SB1R56 - September 2023_1.pdf,"Moore, C.",91.2,92.3,94.8,92.9,94.3,95.7,97.2,96.8,88.4,85.4,84,83.1,77.5,75.3,78.1,85,84.7,86.1,89.6,85.5,79.3,80,91.2,89.3,84.9,89.3,91.2,93.5,89.8,89.1,https://journaliststudio.google.com/pinpoint-extract/preview?collection=d21f884d68dd655a&job=d5473ea766bd8b8d&docid=d9a6ebfc57737997_d21f884d68dd655a&schid=8001&row=41&page=0
SB1R56 - September 2023_1.pdf,O'Daniel,95.7,91.2,92.6,91.8,93.7,100,94.2,92.1,93.8,87.6,88.5,90.1,74.5,84.2,80,79.2,82.6,82.1,85.5,88,88.5,89.7,96.8,99.3,87,87.2,84.7,89.1,88.2,89.5,https://journaliststudio.google.com/pinpoint-extract/preview?collection=d21f884d68dd655a&job=d5473ea766bd8b8d&docid=d9a6ebfc57737997_d21f884d68dd655a&schid=8001&row=42&page=0
SB1R56 - September 2023_1.pdf,Murray,90.4,90.5,95.1,94.8,91.7,91.3,94.6,96,94.7,91.6,86.8,88.6,82.3,82.2,84,83.4,86.1,82.3,91.4,88.9,92.3,88.8,88.4,86.5,85.5,88.1,88.8,91.5,92.7,93.7,https://journaliststudio.google.com/pinpoint-extract/preview?collection=d21f884d68dd655a&job=d5473ea766bd8b8d&docid=d9a6ebfc57737997_d21f884d68dd655a&schid=8001&row=43&page=0
SB1R56 - September 2023_1.pdf,Plane,98.7,98.6,97.4,93.3,95.5,95.7,97.4,99.7,90.7,92.7,91.4,95.4,94.9,80.4,86.2,94.6,90.4,90.1,90.3,91.4,84.5,93.2,93.1,93.5,93.4,86,95.1,90,90.8,93.6,https://journaliststudio.google.com/pinpoint-extract/preview?collection=d21f884d68dd655a&job=d5473ea766bd8b8d&docid=d9a6ebfc57737997_d21f884d68dd655a&schid=8001&row=44&page=0
SB1R56 - September 2023_1.pdf,Polunsky,90.8,91.5,95.3,88.7,92.8,93.7,97.3,96.2,90.4,89.9,88.6,88.5,88,88.9,83.5,86.6,87.2,88.4,86.2,87.8,89.6,89.7,89.6,89.9,87,86.4,88.7,89.2,88.7,89.5,https://journaliststudio.google.com/pinpoint-extract/preview?collection=d21f884d68dd655a&job=d5473ea766bd8b8d&docid=d9a6ebfc57737997_d21f884d68dd655a&schid=8001&row=45&page=0
SB1R56 - September 2023_1.pdf,Powledge,89.7,87.8,89.8,90.4,91.6,92.5,92.8,92.4,89.3,88.2,85.5,86.5,85.1,81.7,84,84.2,84,84.5,84.6,86.4,88.2,89,88.5,88.9,86.9,87.4,87,88.3,86.7,86.1,https://journaliststudio.google.com/pinpoint-extract/preview?collection=d21f884d68dd655a&job=d5473ea766bd8b8d&docid=d9a6ebfc57737997_d21f884d68dd655a&schid=8001&row=46&page=0
SB1R56 - September 2023_2.pdf,Ramsey,91.9,91.1,92.1,94.6,93.5,92.8,94.4,94.8,92.8,91.4,90.7,90.9,90.5,95.4,85.5,83.3,87.5,87.6,87.9,89.6,98.5,91.8,91.7,92.2,90.2,88.2,89.3,93.1,81.9,88.4,https://journaliststudio.google.com/pinpoint-extract/preview?collection=d21f884d68dd655a&job=d5473ea766bd8b8d&docid=3aa84c6e6d7bd4c5_d21f884d68dd655a&schid=8001&row=1&page=0
SB1R56 - September 2023_2.pdf,Roach,89.1,88,86.3,87.3,92.4,88.7,90,92.4,90.6,89.8,83.6,74.6,79.3,80.9,79.7,79.6,80.8,83.3,84.6,84.3,81.4,85.5,82.8,86,82.8,82.3,88.6,84.6,85.7,86,https://journaliststudio.google.com/pinpoint-extract/preview?collection=d21f884d68dd655a&job=d5473ea766bd8b8d&docid=3aa84c6e6d7bd4c5_d21f884d68dd655a&schid=8001&row=2&page=0
SB1R56 - September 2023_2.pdf,Robertson,91.7,92.7,93,93.7,96.8,94.2,95,96.1,93.1,89.4,87.7,74.6,77,79.1,83.4,82.5,84,86.1,91,91.1,88.2,93,95.3,91.4,85,86.6,87,88.2,88.2,87,https://journaliststudio.google.com/pinpoint-extract/preview?collection=d21f884d68dd655a&job=d5473ea766bd8b8d&docid=3aa84c6e6d7bd4c5_d21f884d68dd655a&schid=8001&row=3&page=0
SB1R56 - September 2023_2.pdf,Sanchez,90.3,88.7,87.7,89.2,83.6,89.2,86.6,88.1,84.5,89.6,86.6,80.4,79.1,81.6,81.7,83.8,82.7,87.3,86.7,85.8,83.2,85,83.6,88.1,84.2,84.6,81.5,87.1,84.1,81.7,https://journaliststudio.google.com/pinpoint-extract/preview?collection=d21f884d68dd655a&job=d5473ea766bd8b8d&docid=3aa84c6e6d7bd4c5_d21f884d68dd655a&schid=8001&row=4&page=0
SB1R56 - September 2023_2.pdf,Segovia,93.2,94.2,93.8,97,96.3,98.5,92.6,96.5,95.3,93.5,97.4,97.6,98.2,98.2,95.4,90.8,81.5,95.1,93.8,94.9,92.5,92.8,93.1,94.1,97.3,97.9,90.5,89.5,92.7,90.8,https://journaliststudio.google.com/pinpoint-extract/preview?collection=d21f884d68dd655a&job=d5473ea766bd8b8d&docid=3aa84c6e6d7bd4c5_d21f884d68dd655a&schid=8001&row=5&page=0
SB1R56 - September 2023_2.pdf,Smith,83.5,87.8,88.1,89.7,91.3,90.3,90.7,91.8,89.3,88.2,82.8,73.1,63.5,75.5,77.7,74.9,77,79.8,83.1,82.8,83.2,84.7,86.5,84,82.2,80.2,82.5,81.8,82.8,82.3,https://journaliststudio.google.com/pinpoint-extract/preview?collection=d21f884d68dd655a&job=d5473ea766bd8b8d&docid=3aa84c6e6d7bd4c5_d21f884d68dd655a&schid=8001&row=6&page=0
SB1R56 - September 2023_2.pdf,Stevenson,91.5,96.1,96.3,93.4,92.7,95.5,94.1,92.7,94.8,95.6,94.6,90.8,95.9,93.6,91.6,87.3,88.9,90.5,92.8,90.7,94.1,94.5,93.2,93.1,94.2,89.8,91.3,91.8,91.9,92.3,https://journaliststudio.google.com/pinpoint-extract/preview?collection=d21f884d68dd655a&job=d5473ea766bd8b8d&docid=3aa84c6e6d7bd4c5_d21f884d68dd655a&schid=8001&row=7&page=0
SB1R56 - September 2023_2.pdf,Stiles,92.1,91.3,89.4,89.7,91.6,94.5,92.6,88.9,90.6,93.2,88.5,91.5,88.7,84.9,83.7,85.4,86.8,90.6,86.7,88.9,89,87.6,96.5,90.1,87.7,87.6,88,88.6,87.2,87.8,https://journaliststudio.google.com/pinpoint-extract/preview?collection=d21f884d68dd655a&job=d5473ea766bd8b8d&docid=3aa84c6e6d7bd4c5_d21f884d68dd655a&schid=8001&row=8&page=0
SB1R56 - September 2023_2.pdf,Stringfellow,87.6,89.8,88.4,89.2,88.9,87.5,87.7,88.4,88.2,91.6,84.6,87.8,84,82.2,81.8,78.7,80.3,82.8,85.8,83.3,88,89.6,87.7,88.9,87,82.7,86.9,85.1,80.7,87,https://journaliststudio.google.com/pinpoint-extract/preview?collection=d21f884d68dd655a&job=d5473ea766bd8b8d&docid=3aa84c6e6d7bd4c5_d21f884d68dd655a&schid=8001&row=9&page=0
SB1R56 - September 2023_2.pdf,Telford,87.5,88.4,90.3,88.5,89.8,94.3,93.5,87.2,87.5,83.7,83.6,81.3,78.7,78,83,82.4,83.1,84.8,84.3,78.7,84,85.2,85.6,81,84.6,85.2,84.7,85.4,85.1,85.6,https://journaliststudio.google.com/pinpoint-extract/preview?collection=d21f884d68dd655a&job=d5473ea766bd8b8d&docid=3aa84c6e6d7bd4c5_d21f884d68dd655a&schid=8001&row=10&page=0
SB1R56 - September 2023_2.pdf,Terrell,86.7,91,82.9,88.1,93.1,94.6,94.2,91.7,91.7,84.2,88.6,92.2,86,86.2,82,84.8,84.5,84.5,82.8,88.1,87.4,87.5,93.4,93.5,87.7,87.8,87.4,86.6,80.1,84.4,https://journaliststudio.google.com/pinpoint-extract/preview?collection=d21f884d68dd655a&job=d5473ea766bd8b8d&docid=3aa84c6e6d7bd4c5_d21f884d68dd655a&schid=8001&row=11&page=0
SB1R56 - September 2023_2.pdf,Torres,91.1,92.4,91.6,91.4,90.7,87.1,91.4,93.2,93.1,91.1,89.9,88.3,87.6,90.5,92.3,87.7,92.4,87.4,93.6,94.2,93.5,89.8,92.3,92.8,87.3,87.9,88.7,87.4,86.2,91.8,https://journaliststudio.google.com/pinpoint-extract/preview?collection=d21f884d68dd655a&job=d5473ea766bd8b8d&docid=3aa84c6e6d7bd4c5_d21f884d68dd655a&schid=8001&row=12&page=0
SB1R56 - September 2023_2.pdf,Vance,97.1,96.2,96.1,92.1,96.3,97.8,95.9,98.2,100.1,97.6,92.1,93.3,93.5,87.6,89.8,81.7,90.9,90.2,92.3,92.8,95.7,95.9,94.7,95.6,94,91.4,93.3,92.7,92.9,92.4,https://journaliststudio.google.com/pinpoint-extract/preview?collection=d21f884d68dd655a&job=d5473ea766bd8b8d&docid=3aa84c6e6d7bd4c5_d21f884d68dd655a&schid=8001&row=13&page=0
SB1R56 - September 2023_2.pdf,Wainwright,90.9,89.8,92.8,91.1,90.4,90.2,92.6,98.4,89.5,89,86,89,90,85.1,78.9,88.8,87.6,82.5,85.5,87.3,88.6,87.6,85.7,87.3,89.7,83.7,85.1,90.9,87.8,91.6,https://journaliststudio.google.com/pinpoint-extract/preview?collection=d21f884d68dd655a&job=d5473ea766bd8b8d&docid=3aa84c6e6d7bd4c5_d21f884d68dd655a&schid=8001&row=14&page=0
SB1R56 - September 2023_2.pdf,Wallace,91.2,92.7,89,92.4,93.8,92.3,95.1,94.1,93.2,90.1,83.8,78.1,80.5,81.6,85.2,80.3,85.3,85.8,88.2,88.4,87.1,90.2,91.1,87.8,89.1,88.7,89.1,89.1,88.4,89.2,https://journaliststudio.google.com/pinpoint-extract/preview?collection=d21f884d68dd655a&job=d5473ea766bd8b8d&docid=3aa84c6e6d7bd4c5_d21f884d68dd655a&schid=8001&row=15&page=0
SB1R56 - September 2023_2.pdf,Wheeler,80.9,79.3,79.1,81.8,81.9,81.5,86.2,82,88.3,78.7,81.6,77.2,72.8,76.8,77.3,78.3,79.8,79.8,81.3,86.7,78.3,87,86.1,82.4,86.2,79.4,79.3,84.2,83.9,83.8,https://journaliststudio.google.com/pinpoint-extract/preview?collection=d21f884d68dd655a&job=d5473ea766bd8b8d&docid=3aa84c6e6d7bd4c5_d21f884d68dd655a&schid=8001&row=16&page=0
SB1R56 - September 2023_2.pdf,Woodman,97.4,92.6,96,95.3,93.9,97.2,98.6,98.3,98,92.4,91.8,92.6,80.8,82,80.9,81.3,89.6,90.3,91.1,91.3,92,89.1,94.1,93,86.3,90.3,86.7,87.8,86.7,87.6,https://journaliststudio.google.com/pinpoint-extract/preview?collection=d21f884d68dd655a&job=d5473ea766bd8b8d&docid=3aa84c6e6d7bd4c5_d21f884d68dd655a&schid=8001&row=17&page=0
SB1R56 - September 2023_2.pdf,Wynne,92.3,93.3,94.4,91.4,94.3,94.2,97,92.7,90.2,80.2,98.2,92.8,86.7,77.9,81.3,85.8,88.7,87.8,88.7,89.5,92.5,92.7,93.8,92.9,87.1,88.4,90.5,89.5,88.8,89.3,https://journaliststudio.google.com/pinpoint-extract/preview?collection=d21f884d68dd655a&job=d5473ea766bd8b8d&docid=3aa84c6e6d7bd4c5_d21f884d68dd655a&schid=8001&row=18&page=0
SB1R56 - September 2023_2.pdf,Young,97,94.7,93.9,93.6,93.5,95.8,96.6,99.6,93.6,93.3,93.4,95.5,87.3,85.8,90,85.4,91.4,92.3,91.3,91.6,93.3,92.4,91.7,92.4,91.9,92.6,93.1,92.1,89.8,90.7,https://journaliststudio.google.com/pinpoint-extract/preview?collection=d21f884d68dd655a&job=d5473ea766bd8b8d&docid=3aa84c6e6d7bd4c5_d21f884d68dd655a&schid=8001&row=19&page=0