File Name,Unit,1,2,3,4,5,6,7,8,9,10,11,12,13,14,15,16,17,18,19,20,21,22,23,24,25,26,27,28,29,30,31,Validation Link
SB1R56 - August 2023_1.pdf,Allred,97.7,99.7,95.6,97.6,100.5,97.1,93.8,92.3,95.8,93,99.1,100.1,97.5,83.3,85.9,87.5,94.3,97.9,95,96.3,93.4,95.7,97.8,99.1,95.6,99.3,97.3,88,87.7,87.8,88.6,https://journaliststudio.google.com/pinpoint-extract/preview?collection=d49d0347cb174e0c&job=14c7828a599a38c8&docid=e3cb4c2c2926edca_d49d0347cb174e0c&schid=8001&row=0&page=0
SB1R56 - August 2023_1.pdf,Beto,91.9,94.4,92.8,91.1,93.8,94.7,92.3,93.1,91.3,93.9,92.7,93.7,92.4,93.2,89,86.8,90.3,93.2,91.9,94.9,94.2,92.3,94.3,95.7,96.2,96.3,96.5,86.3,87.1,87.3,87.6,https://journaliststudio.google.com/pinpoint-extract/preview?collection=d49d0347cb174e0c&job=14c7828a599a38c8&docid=e3cb4c2c2926edca_d49d0347cb174e0c&schid=8001&row=0&page=0
SB1R56 - August 2023_1.pdf,Boyd,95.1,97,97.4,96,96.4,94.9,94.5,95.3,94.4,95.3,93.2,95.4,95.6,95,93.7,91.1,94.8,98,94.9,97.6,98.2,96.1,96.2,98.9,98,98.7,99.6,89.9,90.7,91.8,91.8,https://journaliststudio.google.com/pinpoint-extract/preview?collection=d49d0347cb174e0c&job=14c7828a599a38c8&docid=e3cb4c2c2926edca_d49d0347cb174e0c&schid=8001&row=1&page=0
SB1R56 - August 2023_1.pdf,Bradshaw,98.2,97.7,98.4,97.6,97.8,97.4,94.5,95.3,92.8,95.9,95.4,96.3,95,94.2,92.1,89.7,94.6,89.7,95.2,96.1,96.1,98.1,98.6,98.5,98.9,98.6,98.1,84.3,89.3,89.1,91.2,https://journaliststudio.google.com/pinpoint-extract/preview?collection=d49d0347cb174e0c&job=14c7828a599a38c8&docid=e3cb4c2c2926edca_d49d0347cb174e0c&schid=8001&row=2&page=0
SB1R56 - August 2023_1.pdf,Briscoe,96,94.1,94.9,91.7,95.1,95.3,95.5,95.4,98.1,97.5,96.1,97.2,98.1,96.3,94.6,94.5,96.7,94.1,95,98.2,93.7,85.6,89.5,92.2,96.2,93.2,96.3,97.1,93.8,95.4,97.2,https://journaliststudio.google.com/pinpoint-extract/preview?collection=d49d0347cb174e0c&job=14c7828a599a38c8&docid=e3cb4c2c2926edca_d49d0347cb174e0c&schid=8001&row=3&page=0
SB1R56 - August 2023_1.pdf,Byrd,93.8,94.2,93.4,93.7,93.9,90.1,95.2,94,92.5,92.9,92.8,93,92.6,92.3,91.2,90.2,90.4,91.8,91.9,92.9,93.3,92.1,91.4,94.2,92.2,95.4,93.2,86.2,88.2,86.5,81.9,https://journaliststudio.google.com/pinpoint-extract/preview?collection=d49d0347cb174e0c&job=14c7828a599a38c8&docid=e3cb4c2c2926edca_d49d0347cb174e0c&schid=8001&row=4&page=0
SB1R56 - August 2023_1.pdf,Clemens,84.3,87.4,85.6,83,84.2,87.2,84.9,89.4,89.9,91.7,90.2,88.6,86.2,88.6,87.9,89.5,90.5,90.1,89.4,88.7,87.2,84.4,89.1,91.7,90.9,90.7,85.7,86.9,88.9,88.8,87.9,https://journaliststudio.google.com/pinpoint-extract/preview?collection=d49d0347cb174e0c&job=14c7828a599a38c8&docid=e3cb4c2c2926edca_d49d0347cb174e0c&schid=8001&row=5&page=0
SB1R56 - August 2023_1.pdf,Clements,89.3,89,88.8,88,89.3,85.1,82.5,83.5,83.9,84,87.3,87.2,86,81.4,81,83.5,87.9,82,85.7,85.9,87,89.9,89.4,86,87.8,84.8,83.8,84,81.7,81.6,81,https://journaliststudio.google.com/pinpoint-extract/preview?collection=d49d0347cb174e0c&job=14c7828a599a38c8&docid=e3cb4c2c2926edca_d49d0347cb174e0c&schid=8001&row=6&page=0
SB1R56 - August 2023_1.pdf,Coffield,97,93.8,92.7,94,92.7,93.7,93.5,93.1,94.5,96.2,94.2,94.5,93.8,94.9,91.1,88.8,89.6,95.1,96.5,99.1,96.6,93.6,94.8,99.5,95.6,99.1,101.3,86.2,88.6,88.8,88,https://journaliststudio.google.com/pinpoint-extract/preview?collection=d49d0347cb174e0c&job=14c7828a599a38c8&docid=e3cb4c2c2926edca_d49d0347cb174e0c&schid=8001&row=7&page=0
SB1R56 - August 2023_1.pdf,Cole,95.7,95.2,95.7,90.2,97.9,93.3,87.4,88.4,92.5,96.2,98,86,87.3,92.5,86.1,89,94,94.5,97,93.4,92.4,89.7,91.4,96.1,96.7,95.7,91.8,83,89.4,89.3,85.7,https://journaliststudio.google.com/pinpoint-extract/preview?collection=d49d0347cb174e0c&job=14c7828a599a38c8&docid=e3cb4c2c2926edca_d49d0347cb174e0c&schid=8001&row=8&page=0
SB1R56 - August 2023_1.pdf,Connally,92.8,92.9,92.8,92.7,92.3,93.1,93,92.8,93.9,94,94,94.4,93.7,93.2,94.5,94.2,94.4,93.8,92.1,94.4,95.6,85.1,90.6,91.6,92.9,94.6,93.7,93.2,93.3,93.1,94.7,https://journaliststudio.google.com/pinpoint-extract/preview?collection=d49d0347cb174e0c&job=14c7828a599a38c8&docid=e3cb4c2c2926edca_d49d0347cb174e0c&schid=8001&row=9&page=0
SB1R56 - August 2023_1.pdf,Crain,97.8,97.1,97.3,99.9,98.2,98.4,99,100.6,97.7,96.3,97.4,97.7,96.3,98.2,95.2,95,95.5,96,96.2,96.5,97.5,98.1,94.5,95.9,95.9,98.9,86.2,92.6,94.3,95.1,93.8,https://journaliststudio.google.com/pinpoint-extract/preview?collection=d49d0347cb174e0c&job=14c7828a599a38c8&docid=e3cb4c2c2926edca_d49d0347cb174e0c&schid=8001&row=10&page=0
SB1R56 - August 2023_1.pdf,Dalhart,86.9,93.7,94.2,90,89.7,82.7,83.9,77.7,79.9,88.6,89.8,88.8,85,79,80.9,89.4,89.9,87,89.7,89.9,88.7,88.2,87.3,83.7,89.8,78.2,78.3,81.6,80.5,85.4,89.4,https://journaliststudio.google.com/pinpoint-extract/preview?collection=d49d0347cb174e0c&job=14c7828a599a38c8&docid=e3cb4c2c2926edca_d49d0347cb174e0c&schid=8001&row=11&page=0
SB1R56 - August 2023_1.pdf,Daniel,91.8,92.6,92,92.8,93,92.7,92.1,92.8,92.2,92.9,93.2,93,93.3,90.1,83.2,87.6,90.2,90.5,90.2,92,92.3,93.5,92,92.2,92,90.5,89.2,87.9,86.1,86.7,87.1,https://journaliststudio.google.com/pinpoint-extract/preview?collection=d49d0347cb174e0c&job=14c7828a599a38c8&docid=e3cb4c2c2926edca_d49d0347cb174e0c&schid=8001&row=12&page=0
SB1R56 - August 2023_1.pdf,Dominguez,91.3,98.1,91.9,99.1,98.1,99.2,91.1,95.8,94.7,97.7,97.6,95.8,98.4,97.6,97.7,98.5,99.2,93.5,91.3,99.8,98,86.1,91.1,96.3,96.8,98.2,99.3,85.5,94.4,95.7,92.2,https://journaliststudio.google.com/pinpoint-extract/preview?collection=d49d0347cb174e0c&job=14c7828a599a38c8&docid=e3cb4c2c2926edca_d49d0347cb174e0c&schid=8001&row=13&page=0
SB1R56 - August 2023_1.pdf,Ellis,98.3,97.4,93,92.8,91.6,95.4,94.4,91,90.8,95.5,93.2,95,93.2,95.4,92.7,86.8,89.8,93.2,94.9,94.3,95.7,94.2,93.1,95.6,91.4,91.2,96.2,90.6,92,84.6,86.2,https://journaliststudio.google.com/pinpoint-extract/preview?collection=d49d0347cb174e0c&job=14c7828a599a38c8&docid=e3cb4c2c2926edca_d49d0347cb174e0c&schid=8001&row=14&page=0
SB1R56 - August 2023_1.pdf,Estelle,92.6,94.8,94.6,92,94.5,91.6,92.7,92,94.3,95.2,92,93.6,94.2,94.1,96.9,90.6,92.1,95.9,96.3,99.1,95.5,92.9,89.6,88.1,93.2,96.3,94.3,90.2,90.6,87.4,89.3,https://journaliststudio.google.com/pinpoint-extract/preview?collection=d49d0347cb174e0c&job=14c7828a599a38c8&docid=e3cb4c2c2926edca_d49d0347cb174e0c&schid=8001&row=15&page=0
SB1R56 - August 2023_1.pdf,Ferguson,95.6,93.3,93.7,91.6,95.6,92,93.2,93.9,93.3,92.6,92.1,94.7,93.8,90.6,90.6,88.7,93.2,93.6,98.2,93.4,97.2,93.8,95.7,95.1,95.2,95.7,95.1,89.2,89,90.5,87.6,https://journaliststudio.google.com/pinpoint-extract/preview?collection=d49d0347cb174e0c&job=14c7828a599a38c8&docid=e3cb4c2c2926edca_d49d0347cb174e0c&schid=8001&row=16&page=0
SB1R56 - August 2023_1.pdf,Formby,89.5,88.6,89.2,90.6,88.7,89.1,85.6,92.3,89.8,87,89.5,88.7,89,84.5,84,85.2,93.2,90,91.6,87.8,86.3,90.2,89.5,90.3,85.2,86.7,78.6,85,86.7,84.9,82.2,https://journaliststudio.google.com/pinpoint-extract/preview?collection=d49d0347cb174e0c&job=14c7828a599a38c8&docid=e3cb4c2c2926edca_d49d0347cb174e0c&schid=8001&row=17&page=0
SB1R56 - August 2023_1.pdf,Garza West,101.3,102.1,100.3,100.5,101.3,100.6,102.1,100.3,102,101.3,101.5,97.8,102.3,101.4,102,104.6,103.7,102.8,98,101.9,103.9,82.5,97.6,101.3,102,100,102.2,100.5,95.2,97.8,100.8,https://journaliststudio.google.com/pinpoint-extract/preview?collection=d49d0347cb174e0c&job=14c7828a599a38c8&docid=e3cb4c2c2926edca_d49d0347cb174e0c&schid=8001&row=18&page=0
SB1R56 - August 2023_1.pdf,Gist,97.5,98.4,97.3,97.4,96.9,94.9,97.4,97.7,97.1,96.3,96.3,97.6,97.1,96.8,98.5,95.9,97.6,98.1,98.8,98.7,97.4,94.8,97.8,98.1,98.3,98.5,98.8,92.4,93.8,96.4,93.6,https://journaliststudio.google.com/pinpoint-extract/preview?collection=d49d0347cb174e0c&job=14c7828a599a38c8&docid=e3cb4c2c2926edca_d49d0347cb174e0c&schid=8001&row=19&page=0
SB1R56 - August 2023_1.pdf,Goodman,93,96.9,88.9,93.2,94.6,92.6,92.4,95.1,90.5,89.7,91.7,89.4,90.1,91.2,90.2,87.8,89.2,90.9,92,98.6,87.8,88.6,86.6,87.8,88.7,87.1,88.2,87.4,89.1,89.4,84,https://journaliststudio.google.com/pinpoint-extract/preview?collection=d49d0347cb174e0c&job=14c7828a599a38c8&docid=e3cb4c2c2926edca_d49d0347cb174e0c&schid=8001&row=20&page=0
SB1R56 - August 2023_1.pdf,Goree,89.5,92.3,89.3,90.2,90,92.4,91.8,92,91.6,92,92.1,89.7,88.5,91.8,87.4,87.9,91.3,93.7,91.7,92.6,86.6,87.4,91.4,91,93.2,90.8,92.2,85.3,85.5,83.6,84.3,https://journaliststudio.google.com/pinpoint-extract/preview?collection=d49d0347cb174e0c&job=14c7828a599a38c8&docid=e3cb4c2c2926edca_d49d0347cb174e0c&schid=8001&row=21&page=0
SB1R56 - August 2023_1.pdf,Hightower,95.4,99.6,94.8,98.2,93.3,93.2,97.8,97.1,94.1,95.6,98.6,97.4,97.1,97.5,98.3,92.9,91.4,91.9,89.5,93.6,94.5,97.4,97.9,98.6,97.1,94.7,94.9,91.1,92,91.8,89.7,https://journaliststudio.google.com/pinpoint-extract/preview?collection=d49d0347cb174e0c&job=14c7828a599a38c8&docid=e3cb4c2c2926edca_d49d0347cb174e0c&schid=8001&row=22&page=0
SB1R56 - August 2023_1.pdf,Hilltop,96.1,92.1,92.2,94,91.5,91.9,91.2,91.6,90.9,92.1,92.8,92.1,92.9,92.7,89.6,88.2,73.9,94.8,92.8,93.2,93.9,92.6,88.3,92.8,93.3,95,90.7,86.9,89.8,87.9,86.1,https://journaliststudio.google.com/pinpoint-extract/preview?collection=d49d0347cb174e0c&job=14c7828a599a38c8&docid=e3cb4c2c2926edca_d49d0347cb174e0c&schid=8001&row=23&page=0
SB1R56 - August 2023_1.pdf,Hobby,95.7,96.4,93.9,93.9,94.5,94.9,93.6,93.2,93.3,93.3,94.5,94.6,94,94.2,93.8,91.9,92.3,95.6,95.4,97.9,98,96.6,95.8,97.7,98.9,98.1,98.7,89.6,91,89.4,91.6,https://journaliststudio.google.com/pinpoint-extract/preview?collection=d49d0347cb174e0c&job=14c7828a599a38c8&docid=e3cb4c2c2926edca_d49d0347cb174e0c&schid=8001&row=24&page=0
SB1R56 - August 2023_1.pdf,Holliday,96.1,97.1,94.6,92.9,97.2,89.3,95.6,94.4,96.9,97.4,97.5,95.2,96.7,97.2,94.2,94.9,97.5,99.3,97.8,98.2,94.5,96.4,96.1,100.5,104.1,96.8,97.4,90.4,93.4,93.8,94.1,https://journaliststudio.google.com/pinpoint-extract/preview?collection=d49d0347cb174e0c&job=14c7828a599a38c8&docid=e3cb4c2c2926edca_d49d0347cb174e0c&schid=8001&row=25&page=0
SB1R56 - August 2023_1.pdf,Hughes,93.7,82.9,94.7,98.3,94.4,94.4,97.2,93.2,90.9,93.6,94.6,95.6,95.8,93.7,90.8,88.4,88.6,88.6,90.8,97.2,95.8,87.4,88.6,85.6,92.6,91.2,89.8,89.6,86.4,86.7,89.5,https://journaliststudio.google.com/pinpoint-extract/preview?collection=d49d0347cb174e0c&job=14c7828a599a38c8&docid=e3cb4c2c2926edca_d49d0347cb174e0c&schid=8001&row=26&page=0
SB1R56 - August 2023_1.pdf,Huntsville,93.9,91.8,93.8,94.4,90.8,88.1,90,92.1,94.3,94.2,92.3,94.2,92.5,89.2,89.9,86.3,92.8,91.6,91.2,94.1,96.1,94.9,95,95.8,,94.8,97.4,88.9,91.1,88.7,92.4,https://journaliststudio.google.com/pinpoint-extract/preview?collection=d49d0347cb174e0c&job=14c7828a599a38c8&docid=e3cb4c2c2926edca_d49d0347cb174e0c&schid=8001&row=27&page=0
SB1R56 - August 2023_1.pdf,Hutchins,94.4,94.9,95,94.2,94.6,93.5,94.6,94.1,94.5,94.8,95,94.3,94.1,94.8,94,89.7,96.5,97,98.7,99.8,97.8,97,95.5,99.8,97.5,98.3,95.6,92.3,92.2,93,93.3,https://journaliststudio.google.com/pinpoint-extract/preview?collection=d49d0347cb174e0c&job=14c7828a599a38c8&docid=e3cb4c2c2926edca_d49d0347cb174e0c&schid=8001&row=28&page=0
SB1R56 - August 2023_1.pdf,Jester III,88.5,91.3,92.2,90.3,91.1,91.1,91.2,95.3,90.3,90,89.9,93.6,90.8,91.6,90.6,88.6,91.4,89.9,90.3,90.2,88.7,90.6,89,89.7,90.4,88.1,91.1,90.1,85.5,84.9,84.8,https://journaliststudio.google.com/pinpoint-extract/preview?collection=d49d0347cb174e0c&job=14c7828a599a38c8&docid=e3cb4c2c2926edca_d49d0347cb174e0c&schid=8001&row=29&page=0
SB1R56 - August 2023_1.pdf,Johnston,95.8,97.1,96.3,96.4,94.6,95,93.7,89.8,93.2,95.8,97.2,97.5,96.5,97,90.2,88.8,95.5,98,98.5,96.7,96.7,96.2,96.1,96.5,97.4,97.9,94.1,90.5,87.2,86.2,86.5,https://journaliststudio.google.com/pinpoint-extract/preview?collection=d49d0347cb174e0c&job=14c7828a599a38c8&docid=e3cb4c2c2926edca_d49d0347cb174e0c&schid=8001&row=30&page=0
SB1R56 - August 2023_1.pdf,Jordan,91.6,89.5,93.9,85.2,85.4,84.2,83.3,87,86.4,84.5,88.6,86.1,86.2,78.9,85.3,84.3,89.6,86.4,88.5,86.8,90.6,90.3,87.9,90.8,88,81.3,80.5,83.1,78.5,84.3,82.7,https://journaliststudio.google.com/pinpoint-extract/preview?collection=d49d0347cb174e0c&job=14c7828a599a38c8&docid=e3cb4c2c2926edca_d49d0347cb174e0c&schid=8001&row=31&page=0
SB1R56 - August 2023_1.pdf,Lewis,93.3,92.8,91.3,95.4,90.4,91.8,93.3,92.8,91.4,94.2,92.6,95.2,93.7,89.4,86.9,89.8,98.3,93,94.9,96.5,94.5,93.9,92,93.4,96.9,93.1,95.8,87.6,88.5,85.6,86.9,https://journaliststudio.google.com/pinpoint-extract/preview?collection=d49d0347cb174e0c&job=14c7828a599a38c8&docid=e3cb4c2c2926edca_d49d0347cb174e0c&schid=8001&row=32&page=0
SB1R56 - August 2023_1.pdf,Lopez,94.4,97.4,96.5,94.7,95.6,97.9,97.9,98.2,97.3,95.9,95,97.6,97.2,97.3,97,98.1,94.8,96.2,94.7,94,90.9,83.3,90.4,91.8,92.2,88.7,95.7,94.8,88.4,90.3,94.5,https://journaliststudio.google.com/pinpoint-extract/preview?collection=d49d0347cb174e0c&job=14c7828a599a38c8&docid=e3cb4c2c2926edca_d49d0347cb174e0c&schid=8001&row=33&page=0
SB1R56 - August 2023_1.pdf,Luther,93.6,92.4,93.7,91.9,92.1,92.6,93,92.9,92.6,94.2,93.5,93.7,95.7,93.5,92.4,91.4,91.7,94.1,91.8,93.3,93.7,92.6,90.8,94.7,93.1,92.6,94.4,90.7,89.8,89.2,90.3,https://journaliststudio.google.com/pinpoint-extract/preview?collection=d49d0347cb174e0c&job=14c7828a599a38c8&docid=e3cb4c2c2926edca_d49d0347cb174e0c&schid=8001&row=34&page=0
SB1R56 - August 2023_1.pdf,Lychner,98.6,98.7,98.7,98.8,98.3,98,98.8,99,100.1,101.4,100,102,103.9,100.6,101.8,99.2,98.5,99.2,98.9,100.9,99.1,96.1,100.1,103.8,101.4,100.6,103.6,97,96.6,98.1,97.7,https://journaliststudio.google.com/pinpoint-extract/preview?collection=d49d0347cb174e0c&job=14c7828a599a38c8&docid=e3cb4c2c2926edca_d49d0347cb174e0c&schid=8001&row=35&page=0
SB1R56 - August 2023_1.pdf,Lynaugh,83.3,87.1,93.6,91.5,91.8,87.7,91.3,87.1,86.9,90.1,87.1,87.5,86.7,86.5,87.1,86.9,87.2,87.6,87.3,87.4,87.6,85.6,79.9,82.3,81.1,83.3,85.6,83,84.3,82.9,80.9,https://journaliststudio.google.com/pinpoint-extract/preview?collection=d49d0347cb174e0c&job=14c7828a599a38c8&docid=e3cb4c2c2926edca_d49d0347cb174e0c&schid=8001&row=36&page=0
SB1R56 - August 2023_1.pdf,Mcconnell,91.4,92.2,94.2,92.3,93.8,91.9,94.9,94.8,92.1,94.9,95.4,94.8,94.6,95.6,93.2,94.6,93.2,94,93.8,95.3,93.8,83.2,90.5,95.9,91.8,94.8,92.3,92.9,95.2,92.3,90.1,https://journaliststudio.google.com/pinpoint-extract/preview?collection=d49d0347cb174e0c&job=14c7828a599a38c8&docid=e3cb4c2c2926edca_d49d0347cb174e0c&schid=8001&row=37&page=0
SB1R56 - August 2023_1.pdf,Memorial,91.7,91.8,89.4,86.7,90.4,89.6,88.4,91.8,89.7,89.8,90,91.3,90.4,88,89.7,88.2,92,91.1,90.1,89.3,88.7,84.5,88.7,87.6,87.1,92.6,90.6,88.2,88.6,88.4,88.8,https://journaliststudio.google.com/pinpoint-extract/preview?collection=d49d0347cb174e0c&job=14c7828a599a38c8&docid=e3cb4c2c2926edca_d49d0347cb174e0c&schid=8001&row=38&page=0
SB1R56 - August 2023_1.pdf,Michael,92.6,91.2,92.1,92.2,91.9,92,92.1,92.3,93.5,94.1,93.8,92.4,93.5,93.1,92.1,89.7,90.1,92.3,92.8,94.1,94.6,93.6,93.2,94.4,94.2,93.4,95,86.6,90.6,91.6,90.1,https://journaliststudio.google.com/pinpoint-extract/preview?collection=d49d0347cb174e0c&job=14c7828a599a38c8&docid=e3cb4c2c2926edca_d49d0347cb174e0c&schid=8001&row=39&page=0
SB1R56 - August 2023_1.pdf,Middleton,97.8,96,96.2,96.5,98.1,98.9,95.9,95.6,98.1,97.4,98.6,98.7,98,90.2,91.7,95.8,100.4,100,98.9,98,99.5,91.9,93.8,94.9,89.8,97.8,85,94.4,93.3,92.8,94.2,https://journaliststudio.google.com/pinpoint-extract/preview?collection=d49d0347cb174e0c&job=14c7828a599a38c8&docid=e3cb4c2c2926edca_d49d0347cb174e0c&schid=8001&row=40&page=0
SB1R56 - August 2023_1.pdf,Montford,93.3,90.1,89.5,93.7,93.6,92.6,92.4,90.3,93.5,96.4,95.8,96.6,97.1,83.6,86.1,93.4,94.5,95.2,91.8,92.9,93.8,89.4,86.9,88.4,87.1,87.6,82,83.7,85.4,82.9,86.6,https://journaliststudio.google.com/pinpoint-extract/preview?collection=d49d0347cb174e0c&job=14c7828a599a38c8&docid=e3cb4c2c2926edca_d49d0347cb174e0c&schid=8001&row=41&page=0
SB1R56 - August 2023_1.pdf,"Moore, C.",96.3,92.8,97.4,95.2,95.6,94,91,87.2,92.3,94.5,93.8,95.3,94.3,91.3,88.4,85.7,94.3,98.7,95.1,95.3,94.3,96.1,96.5,96.5,96.7,98.6,93.8,91.3,92.1,91.5,92.3,https://journaliststudio.google.com/pinpoint-extract/preview?collection=d49d0347cb174e0c&job=14c7828a599a38c8&docid=e3cb4c2c2926edca_d49d0347cb174e0c&schid=8001&row=42&page=0
SB1R56 - August 2023_1.pdf,O'Daniel,81.9,98.5,96,97.4,96.8,97.3,96,97.5,95.1,96.5,96.3,92.2,96.5,95.1,90.6,91.5,94.7,94.8,96.3,96.5,93.1,95.5,95.9,96.3,95.5,96.1,94.7,87.9,91.5,88.1,89.1,https://journaliststudio.google.com/pinpoint-extract/preview?collection=d49d0347cb174e0c&job=14c7828a599a38c8&docid=e3cb4c2c2926edca_d49d0347cb174e0c&schid=8001&row=43&page=0
SB1R56 - August 2023_1.pdf,Murray,87.2,79.5,94.1,87.7,88.9,89.3,93,92.7,90.7,95.6,93.5,95.6,95.3,98.5,94,90,97.9,97.9,96.4,98.2,98,95,93.6,93.5,97.9,94.3,82.6,88.5,87.5,90.5,94,https://journaliststudio.google.com/pinpoint-extract/preview?collection=d49d0347cb174e0c&job=14c7828a599a38c8&docid=e3cb4c2c2926edca_d49d0347cb174e0c&schid=8001&row=44&page=0
SB1R56 - August 2023_1.pdf,Plane,99.1,98.2,94,94.8,98.7,97.1,96.8,94.5,96.6,98.7,96.3,99.6,96.1,99.2,90.5,92.9,97.4,93.6,99,100.2,97.8,95.6,98.7,99,98.4,96.8,99.8,94.2,95.6,96,97.2,https://journaliststudio.google.com/pinpoint-extract/preview?collection=d49d0347cb174e0c&job=14c7828a599a38c8&docid=e3cb4c2c2926edca_d49d0347cb174e0c&schid=8001&row=45&page=0
SB1R56 - August 2023_1.pdf,Polunsky,96.3,95.5,95.2,93.5,93.3,93.4,93.9,93.8,94.3,94.7,94.4,94.4,93.7,93.5,95.2,91.8,92.9,93.4,94.7,96.4,96.7,94.5,94,96,96.5,94.9,97.6,90.1,91.1,91.2,93,https://journaliststudio.google.com/pinpoint-extract/preview?collection=d49d0347cb174e0c&job=14c7828a599a38c8&docid=e3cb4c2c2926edca_d49d0347cb174e0c&schid=8001&row=46&page=0
SB1R56 - August 2023_1.pdf,Powledge,96.6,92.7,93.4,95.5,94.9,93.1,94.6,93.5,93.4,97.2,96,97.3,96.8,96.3,91.8,90.3,90.8,91.1,93.1,93.5,94.8,93.8,94.7,95.2,95.4,95.1,95,80.4,89.9,89.4,89.8,https://journaliststudio.google.com/pinpoint-extract/preview?collection=d49d0347cb174e0c&job=14c7828a599a38c8&docid=e3cb4c2c2926edca_d49d0347cb174e0c&schid=8001&row=47&page=0
SB1R56 - August 2023_1.pdf,Ramsey,93.3,93.9,93.8,94.3,94.8,94.4,94,94.2,94.1,93.7,94.2,94.6,94.5,94,94.7,94.6,93.8,94.4,94.2,95.3,94.7,84.1,92.8,95.9,95.4,93.9,94.9,94.7,92.7,93.1,93.4,https://journaliststudio.google.com/pinpoint-extract/preview?collection=d49d0347cb174e0c&job=14c7828a599a38c8&docid=e3cb4c2c2926edca_d49d0347cb174e0c&schid=8001&row=48&page=0
SB1R56 - August 2023_1.pdf,Roach,92.4,93.1,93.7,93.8,93.7,91.3,88.5,88.4,88.3,89.3,93.2,94.4,92.5,85.5,85.9,87.4,90.7,92,92.6,93.3,93.1,93.7,89.9,91.7,90.8,93.3,91,87.1,86.3,86.5,86,https://journaliststudio.google.com/pinpoint-extract/preview?collection=d49d0347cb174e0c&job=14c7828a599a38c8&docid=e3cb4c2c2926edca_d49d0347cb174e0c&schid=8001&row=49&page=0
SB1R56 - August 2023_2.pdf,Robertson,95.7,94.6,94.5,94.6,95.7,97.5,94,96.6,96.6,96.6,96.4,97.9,96.3,97.1,88.9,90.4,96,96.1,96.5,97.2,97.1,95.4,93.1,93.5,94.3,94,85,90,89,89.2,88.4,https://journaliststudio.google.com/pinpoint-extract/preview?collection=d49d0347cb174e0c&job=14c7828a599a38c8&docid=bc8eac3a22401a26_d49d0347cb174e0c&schid=8001&row=0&page=0
SB1R56 - August 2023_2.pdf,Sanchez,89.5,95.1,87.5,93.1,90.3,93.3,93.1,85,87.5,86.4,87,88.5,87.6,83.8,83.5,87.3,86.3,90.4,85.4,86.2,87.7,87.9,72.3,81.8,81.5,88.1,88.1,87.2,85,84.5,85.6,https://journaliststudio.google.com/pinpoint-extract/preview?collection=d49d0347cb174e0c&job=14c7828a599a38c8&docid=bc8eac3a22401a26_d49d0347cb174e0c&schid=8001&row=1&page=0
SB1R56 - August 2023_2.pdf,Segovia,96.1,92.6,98.3,99,96.1,99.7,97.6,99.2,97.7,98.9,98.7,98.2,92.9,98.6,91.1,92.5,99,96.1,93.3,95.8,93.1,81.5,88.5,93.1,97.2,88.3,95.1,97.4,93.1,92.2,90.5,https://journaliststudio.google.com/pinpoint-extract/preview?collection=d49d0347cb174e0c&job=14c7828a599a38c8&docid=bc8eac3a22401a26_d49d0347cb174e0c&schid=8001&row=2&page=0
SB1R56 - August 2023_2.pdf,Smith,91.1,93.2,91.4,93.5,93.8,93.8,88.8,88.3,93.1,91.1,93.5,92.7,91.9,88.3,85.8,89.9,92,91.5,91,90.3,90,90.2,87.3,87.8,88.4,89.2,86.3,83.8,84.3,82.8,85.3,https://journaliststudio.google.com/pinpoint-extract/preview?collection=d49d0347cb174e0c&job=14c7828a599a38c8&docid=bc8eac3a22401a26_d49d0347cb174e0c&schid=8001&row=3&page=0
SB1R56 - August 2023_2.pdf,Stevenson,95.6,97.8,97.8,93.3,94.5,95.3,97,91.4,97.2,94.5,98,96.3,98.7,98.9,93.3,97.5,95,97.2,95.8,96.2,95.7,90.6,94.5,96.1,96.8,95.6,95.6,98.1,94.7,91.5,96.9,https://journaliststudio.google.com/pinpoint-extract/preview?collection=d49d0347cb174e0c&job=14c7828a599a38c8&docid=bc8eac3a22401a26_d49d0347cb174e0c&schid=8001&row=4&page=0
SB1R56 - August 2023_2.pdf,Stiles,90.9,91,91.8,92.3,91.5,91.6,91.9,91.7,89.4,90.8,91.8,92.2,92.3,90.7,91.2,90,92.2,91.1,92.7,93.2,93.1,92.1,93.5,92.9,92.8,92.4,92.2,89.9,89.9,90.7,91.7,https://journaliststudio.google.com/pinpoint-extract/preview?collection=d49d0347cb174e0c&job=14c7828a599a38c8&docid=bc8eac3a22401a26_d49d0347cb174e0c&schid=8001&row=5&page=0
SB1R56 - August 2023_2.pdf,Stringfellow,90.1,91.3,92.4,89.1,89.3,90.1,92.6,89.1,92.2,91.4,91.8,92.2,89.4,89.7,92,92.9,89.1,90.5,91.3,89.5,89.9,87.4,89,84.3,90,88.1,88.5,89.1,86.2,89.4,88.6,https://journaliststudio.google.com/pinpoint-extract/preview?collection=d49d0347cb174e0c&job=14c7828a599a38c8&docid=bc8eac3a22401a26_d49d0347cb174e0c&schid=8001&row=6&page=0
SB1R56 - August 2023_2.pdf,Telford,91.8,94.1,94.6,92.9,94.1,91.3,88.8,84.9,91.4,92.2,92.1,92.6,93.2,93.1,87.9,86.3,90.8,93.8,93.6,94.6,93.8,93.3,93.4,94,95.2,95.6,92.8,89.2,89.6,89.7,88.2,https://journaliststudio.google.com/pinpoint-extract/preview?collection=d49d0347cb174e0c&job=14c7828a599a38c8&docid=bc8eac3a22401a26_d49d0347cb174e0c&schid=8001&row=7&page=0
SB1R56 - August 2023_2.pdf,Terrell,93.7,87.6,90.4,92.5,87.7,93.7,86.6,93.7,91.2,94.2,88.3,95.5,92.3,86,85.9,90.3,90.4,88.4,94.1,92.4,84.3,84.5,94,87.9,95.2,90.4,88.4,84.3,89,94.7,85.8,https://journaliststudio.google.com/pinpoint-extract/preview?collection=d49d0347cb174e0c&job=14c7828a599a38c8&docid=bc8eac3a22401a26_d49d0347cb174e0c&schid=8001&row=8&page=0
SB1R56 - August 2023_2.pdf,Torres,93.7,93.1,90.3,90.2,92.1,94.7,94.9,92.9,94.5,93.2,90.5,90.8,90.1,91.6,94.9,93.8,93.7,92.3,92.1,92.7,93.7,84.3,89.2,90.1,93.3,93.4,93,89.6,90.1,87,88.3,https://journaliststudio.google.com/pinpoint-extract/preview?collection=d49d0347cb174e0c&job=14c7828a599a38c8&docid=bc8eac3a22401a26_d49d0347cb174e0c&schid=8001&row=9&page=0
SB1R56 - August 2023_2.pdf,Vance,95.3,95.2,96.2,97.1,98.1,98.6,96.7,96.8,96.8,100,99.8,98.6,98.6,98.6,99.2,96.7,98.6,99.3,98.7,99.2,96.8,93.4,97.8,101.8,101.8,102,104.2,96.1,94.6,95.9,96.1,https://journaliststudio.google.com/pinpoint-extract/preview?collection=d49d0347cb174e0c&job=14c7828a599a38c8&docid=bc8eac3a22401a26_d49d0347cb174e0c&schid=8001&row=10&page=0
SB1R56 - August 2023_2.pdf,Wainwright,98.9,98.3,98.3,99.1,99.5,97.7,99.6,98.4,95.1,96.9,94.1,94.6,93.4,97.8,90.4,89.5,90.5,96.6,94.2,92.2,99.6,94.6,99.8,96.8,94.6,89.9,99.1,87,88.9,91.2,90.5,https://journaliststudio.google.com/pinpoint-extract/preview?collection=d49d0347cb174e0c&job=14c7828a599a38c8&docid=bc8eac3a22401a26_d49d0347cb174e0c&schid=8001&row=11&page=0
SB1R56 - August 2023_2.pdf,Wallace,95.3,90.5,93.9,91.8,95.1,95.9,91.8,93.3,91.6,95.5,94.9,95,94.8,89.9,88.7,89.4,89.6,93.6,92.5,94.1,92.6,94.6,89.3,91.1,92.3,93.7,89.3,90.1,89.5,88.1,89,https://journaliststudio.google.com/pinpoint-extract/preview?collection=d49d0347cb174e0c&job=14c7828a599a38c8&docid=bc8eac3a22401a26_d49d0347cb174e0c&schid=8001&row=12&page=0
SB1R56 - August 2023_2.pdf,Wheeler,82.4,79.6,88.4,88.5,90.7,86.4,89.1,82.2,84,81.3,83.6,96.5,95.6,85.4,86.2,86.5,86.7,83.6,82.7,92,84.3,87.2,87.3,84.1,79,81.8,79.8,88.4,77.5,87.1,83.2,https://journaliststudio.google.com/pinpoint-extract/preview?collection=d49d0347cb174e0c&job=14c7828a599a38c8&docid=bc8eac3a22401a26_d49d0347cb174e0c&schid=8001&row=13&page=0
SB1R56 - August 2023_2.pdf,Woodman,96,96.5,94.3,98.8,97.2,92.5,97.2,91,96.4,97.9,88.4,92.3,95.5,98.9,93.7,91.2,104.7,101.5,99.7,96.2,100.9,98.6,97.9,102.4,98.5,100,95.1,91.8,95.1,96.1,95.6,https://journaliststudio.google.com/pinpoint-extract/preview?collection=d49d0347cb174e0c&job=14c7828a599a38c8&docid=bc8eac3a22401a26_d49d0347cb174e0c&schid=8001&row=14&page=0
SB1R56 - August 2023_2.pdf,Wynne,96.7,97.3,96.6,95.2,96.5,94.8,96.7,95.1,96.5,97.5,96.5,96.4,96.2,95.6,95.6,93.4,96.5,96.4,94.3,97.2,97.1,95.6,95.3,95.6,99.2,96.9,101.1,88.2,90.1,92.8,92.6,https://journaliststudio.google.com/pinpoint-extract/preview?collection=d49d0347cb174e0c&job=14c7828a599a38c8&docid=bc8eac3a22401a26_d49d0347cb174e0c&schid=8001&row=15&page=0
SB1R56 - August 2023_2.pdf,Young,95.9,95.1,96.6,92.9,94.1,97.5,94.6,94,92.9,94.1,93.5,94.9,94.6,95.5,98,93.8,93.5,95.9,95.2,100.5,92.1,87.3,95.5,101.5,95.5,95.8,102.1,95.4,95.5,94.8,95.1,https://journaliststudio.google.com/pinpoint-extract/preview?collection=d49d0347cb174e0c&job=14c7828a599a38c8&docid=bc8eac3a22401a26_d49d0347cb174e0c&schid=8001&row=16&page=0
SB1R56 - July 2023_1.pdf,Allred,87.5,90.6,90.2,91.4,93.7,91.6,92.4,93.7,84.2,94.5,94.1,95.7,100.8,92.5,89.8,91.9,97.4,97.9,95.6,98.6,89.7,88.2,90.7,91.6,95.6,95.3,93.1,94.6,94.2,94.4,96.4,https://journaliststudio.google.com/pinpoint-extract/preview?collection=d49d0347cb174e0c&job=14c7828a599a38c8&docid=67e06899595ac103_d49d0347cb174e0c&schid=8001&row=0&page=0
SB1R56 - July 2023_1.pdf,Beto,87.8,86.3,86.7,88.7,86.3,87.3,86.3,86,86.5,86.2,87.5,87.9,86.3,88.6,88.8,88.4,88.7,89.1,89.2,84.3,90.7,90,89.6,88.6,90.1,90.4,91.9,89.9,90.2,90.9,84.1,https://journaliststudio.google.com/pinpoint-extract/preview?collection=d49d0347cb174e0c&job=14c7828a599a38c8&docid=67e06899595ac103_d49d0347cb174e0c&schid=8001&row=0&page=0
SB1R56 - July 2023_1.pdf,Boyd,90.7,88.7,90.2,89.8,89.3,89.7,89.6,90.7,89.9,92.9,92.8,92.8,93.9,92,94.7,93.1,93.5,93.3,93.5,93.8,92.4,92.8,92.4,92.4,93.1,93,92.2,92.1,91.1,93.4,91.6,https://journaliststudio.google.com/pinpoint-extract/preview?collection=d49d0347cb174e0c&job=14c7828a599a38c8&docid=67e06899595ac103_d49d0347cb174e0c&schid=8001&row=1&page=0
SB1R56 - July 2023_1.pdf,Bradshaw,93.2,86.1,91.2,91.1,90.1,91.8,90.1,90.9,88.5,89.2,88.2,94.2,92.3,95.1,92.8,83.9,93.2,91.1,99.8,99.2,98.1,92.8,90.2,90.1,93,94.4,95.2,94.3,93.8,96,94.9,https://journaliststudio.google.com/pinpoint-extract/preview?collection=d49d0347cb174e0c&job=14c7828a599a38c8&docid=67e06899595ac103_d49d0347cb174e0c&schid=8001&row=2&page=0
SB1R56 - July 2023_1.pdf,Briscoe,96.5,89.1,91.3,90.6,91.9,90,85.5,88,96.3,94.3,92.8,96.8,95,96.7,98.4,97.2,94.8,93.4,93.9,92.9,95.2,96.8,95.1,97.2,92.1,95,94,93.7,94.4,94.3,96.6,https://journaliststudio.google.com/pinpoint-extract/preview?collection=d49d0347cb174e0c&job=14c7828a599a38c8&docid=67e06899595ac103_d49d0347cb174e0c&schid=8001&row=3&page=0
SB1R56 - July 2023_1.pdf,Byrd,88.1,88.3,88.2,88.7,86.5,78.2,80.1,82.1,89.1,89.5,88.7,90.1,90.8,89.8,89.4,89.9,89.4,89.6,91.2,89.4,88.2,88,89.4,91.2,90.5,91.5,92,91.1,89.2,93.3,96.4,https://journaliststudio.google.com/pinpoint-extract/preview?collection=d49d0347cb174e0c&job=14c7828a599a38c8&docid=67e06899595ac103_d49d0347cb174e0c&schid=8001&row=4&page=0
SB1R56 - July 2023_1.pdf,Clemens,87.7,86.8,88.6,86.9,84.6,84.8,82.3,80.2,81.5,84.9,88.8,86.2,85.5,82.2,81.6,91.1,85.9,87.7,83.2,82.4,87.9,88.2,83.8,82.8,87.3,85.5,83.3,83,84.7,85.9,91.6,https://journaliststudio.google.com/pinpoint-extract/preview?collection=d49d0347cb174e0c&job=14c7828a599a38c8&docid=67e06899595ac103_d49d0347cb174e0c&schid=8001&row=5&page=0
SB1R56 - July 2023_1.pdf,Clements,81.2,81.8,79.1,81.4,82.7,81.7,82.7,79.5,78.5,77.8,81.2,86,89.8,84.3,83.2,82.3,85,87.1,88.2,88,84.7,83.2,84.2,86.8,88.2,88.3,89.5,88.5,89.3,89.3,87.3,https://journaliststudio.google.com/pinpoint-extract/preview?collection=d49d0347cb174e0c&job=14c7828a599a38c8&docid=67e06899595ac103_d49d0347cb174e0c&schid=8001&row=6&page=0
SB1R56 - July 2023_1.pdf,Coffield,90.2,86.8,88.5,87.9,88.3,89.6,87.8,88.4,87.5,90.1,89.9,91.1,92.8,92,92.1,92.8,92.4,93.1,93.3,92.3,92.7,92.8,91.2,93.1,92.1,93.2,90,93.2,92.3,94.4,88.6,https://journaliststudio.google.com/pinpoint-extract/preview?collection=d49d0347cb174e0c&job=14c7828a599a38c8&docid=67e06899595ac103_d49d0347cb174e0c&schid=8001&row=7&page=0
SB1R56 - July 2023_1.pdf,Cole,88.5,87.1,87.4,84.3,91.9,89.3,91.7,96.5,88.8,97.3,84.7,90.9,92.2,84,98.6,78.8,98.7,95.7,91.8,92.8,90.8,85.1,89.1,95.9,95.8,95.9,94.6,95,91.3,94.5,96.9,https://journaliststudio.google.com/pinpoint-extract/preview?collection=d49d0347cb174e0c&job=14c7828a599a38c8&docid=67e06899595ac103_d49d0347cb174e0c&schid=8001&row=8&page=0
SB1R56 - July 2023_1.pdf,Connally,92.6,91.7,92.8,90.8,89.5,84,87.2,89.1,91.3,91.8,93.9,93.6,93.5,93.1,92.7,93.3,93.2,93.4,92.4,92.4,93,93,93.1,92.1,90.2,91.8,92.8,91.3,90.3,92.3,96.9,https://journaliststudio.google.com/pinpoint-extract/preview?collection=d49d0347cb174e0c&job=14c7828a599a38c8&docid=67e06899595ac103_d49d0347cb174e0c&schid=8001&row=9&page=0
SB1R56 - July 2023_1.pdf,Crain,94.7,92,91.1,92.1,93.8,93.6,93.4,92.3,93.8,95.8,94.7,94.7,96,95.1,97,93.6,99.7,98.3,96.9,97.4,95.6,97.5,97.4,95,97.9,95.3,97.3,95.3,96.3,95.9,92.1,https://journaliststudio.google.com/pinpoint-extract/preview?collection=d49d0347cb174e0c&job=14c7828a599a38c8&docid=67e06899595ac103_d49d0347cb174e0c&schid=8001&row=10&page=0
SB1R56 - July 2023_1.pdf,Dalhart,79.1,83.7,83.3,86.9,82.7,80.7,85.7,83.2,72.8,84.2,88.2,89.2,87.9,88.2,78.4,87.7,88.9,93,91.3,87.6,83.3,81.5,89.1,93.1,91.1,90.5,83.5,84.5,84.6,89.9,96.9,https://journaliststudio.google.com/pinpoint-extract/preview?collection=d49d0347cb174e0c&job=14c7828a599a38c8&docid=67e06899595ac103_d49d0347cb174e0c&schid=8001&row=11&page=0
SB1R56 - July 2023_1.pdf,Daniel,83.1,83.7,84.9,84.5,86.7,87.3,89.7,87.8,87.5,89.9,87.7,88.9,94.7,91.4,92.3,89.6,88.4,89.1,88.8,90.2,91.5,88.6,86.6,90.4,89.3,90.1,90.3,90.2,90.1,90.2,93.1,https://journaliststudio.google.com/pinpoint-extract/preview?collection=d49d0347cb174e0c&job=14c7828a599a38c8&docid=67e06899595ac103_d49d0347cb174e0c&schid=8001&row=12&page=0
SB1R56 - July 2023_1.pdf,Dominguez,95.3,92.9,91.1,93.3,94.2,89.7,85.6,94.7,95.7,94.5,93.1,97.4,93.2,98.9,96.9,98.1,92.8,93,97.8,98.9,96.9,96.1,93.8,95,97.6,97.3,96.8,97.2,96.8,94.8,91.4,https://journaliststudio.google.com/pinpoint-extract/preview?collection=d49d0347cb174e0c&job=14c7828a599a38c8&docid=67e06899595ac103_d49d0347cb174e0c&schid=8001&row=13&page=0
SB1R56 - July 2023_1.pdf,Ellis,93.4,90.7,92.1,84.9,85,82.3,87.3,95.2,90.1,89.3,92.5,89.5,91.1,88.4,90.1,90.1,92.2,93.8,90.6,91.5,92.1,94,92.6,92.8,86.8,93.7,90.4,92.3,91.1,87.3,94.6,https://journaliststudio.google.com/pinpoint-extract/preview?collection=d49d0347cb174e0c&job=14c7828a599a38c8&docid=67e06899595ac103_d49d0347cb174e0c&schid=8001&row=14&page=0
SB1R56 - July 2023_1.pdf,Estelle,89.4,90.8,91.6,90,89.8,81.9,83.2,84.3,90.9,91,89.4,89.5,92.4,90.8,92.7,90.9,90.3,89.5,89.8,92.1,90.8,90.1,92.5,90.7,91.8,91.1,88.1,89.7,89,88.1,93.3,https://journaliststudio.google.com/pinpoint-extract/preview?collection=d49d0347cb174e0c&job=14c7828a599a38c8&docid=67e06899595ac103_d49d0347cb174e0c&schid=8001&row=15&page=0
SB1R56 - July 2023_1.pdf,Ferguson,89.8,89.3,89.2,87.5,87,87.7,84.4,88.1,89.6,90.5,87.4,92.5,89.9,89.7,89.9,89.5,92.8,93.1,94.8,94.1,93.4,93.7,93,92,89.6,91.1,91.3,93.5,87.9,93.7,94.6,https://journaliststudio.google.com/pinpoint-extract/preview?collection=d49d0347cb174e0c&job=14c7828a599a38c8&docid=67e06899595ac103_d49d0347cb174e0c&schid=8001&row=16&page=0
SB1R56 - July 2023_1.pdf,Formby,83.5,87.6,91.8,88.5,87.7,83.3,88.6,82.3,83.5,86.1,87.5,89.2,90.5,92.1,83.7,82.6,89.2,91.6,90.1,89,88.2,88.1,89.5,89.7,90.2,89.8,88.6,89.9,88.7,86.2,92.7,https://journaliststudio.google.com/pinpoint-extract/preview?collection=d49d0347cb174e0c&job=14c7828a599a38c8&docid=67e06899595ac103_d49d0347cb174e0c&schid=8001&row=17&page=0
SB1R56 - July 2023_1.pdf,Garza West,98.7,97,99.7,94.8,95.8,84.6,93.7,97.1,97.3,99.8,97.8,98.1,97.5,98.2,98.2,101.7,101.2,100.2,100.5,99.5,99.4,99.1,101.1,99.1,98.1,100.3,99.3,99.5,98,100.5,89,https://journaliststudio.google.com/pinpoint-extract/preview?collection=d49d0347cb174e0c&job=14c7828a599a38c8&docid=67e06899595ac103_d49d0347cb174e0c&schid=8001&row=18&page=0
SB1R56 - July 2023_1.pdf,Gist,95.7,95.2,93.8,80.9,94.1,88,92.2,86.1,93.7,95.6,95.1,93,95.2,93.3,94.4,95.6,96.1,95.8,96.6,95,95.3,96.7,95.1,95.3,94.8,95.5,94.5,94.7,95.3,94.5,101.3,https://journaliststudio.google.com/pinpoint-extract/preview?collection=d49d0347cb174e0c&job=14c7828a599a38c8&docid=67e06899595ac103_d49d0347cb174e0c&schid=8001&row=19&page=0
SB1R56 - July 2023_1.pdf,Goodman,90.8,90.4,93.4,88.1,83.8,84.1,86,89.9,88.6,86.1,84.6,83.5,90,90.4,88.1,85.9,90.4,94.8,88.4,86.5,90.4,90.4,94.3,84.7,87.3,88.2,85.8,91,88.7,88.3,97.5,https://journaliststudio.google.com/pinpoint-extract/preview?collection=d49d0347cb174e0c&job=14c7828a599a38c8&docid=67e06899595ac103_d49d0347cb174e0c&schid=8001&row=20&page=0
SB1R56 - July 2023_1.pdf,Goree,87.1,88.1,86.6,89.3,91.7,80.6,81.2,86,84.4,85.9,87.1,87.4,89.2,86.6,87.8,88.6,85.8,89.6,87.1,88.9,86.3,89.8,86.5,87,87.6,85.9,87.3,86.1,86.1,89.9,89.6,https://journaliststudio.google.com/pinpoint-extract/preview?collection=d49d0347cb174e0c&job=14c7828a599a38c8&docid=67e06899595ac103_d49d0347cb174e0c&schid=8001&row=21&page=0
SB1R56 - July 2023_1.pdf,Hightower,94.3,93.7,94.2,89.9,90,82.4,89.3,86.7,90.5,90.7,91.6,94.5,96.3,95.3,92.1,92.8,95.6,94.2,93.3,92.3,94.9,95.6,95.9,89.4,90.9,89.6,91.6,91.4,89.5,93.6,91.7,https://journaliststudio.google.com/pinpoint-extract/preview?collection=d49d0347cb174e0c&job=14c7828a599a38c8&docid=67e06899595ac103_d49d0347cb174e0c&schid=8001&row=22&page=0
SB1R56 - July 2023_1.pdf,Hilltop,87.3,87.5,85.6,86.5,86.4,86.4,85,87.1,91.1,91.9,85.7,90.8,90.9,90.6,83.4,83.1,89.9,90.9,90.6,91.1,85.3,88.4,89.2,88.9,89.7,90.3,89.2,84.7,89.7,91.3,98.1,https://journaliststudio.google.com/pinpoint-extract/preview?collection=d49d0347cb174e0c&job=14c7828a599a38c8&docid=67e06899595ac103_d49d0347cb174e0c&schid=8001&row=23&page=0
SB1R56 - July 2023_1.pdf,Hobby,88.9,87.9,89,89.3,89.1,92.6,87.3,89.5,91.7,91.6,91.7,91.8,91.8,92.2,92,92.4,92,92.7,92.3,92.1,91.9,92.9,92.4,91.2,92.4,92.5,92.8,91.2,93.5,92.9,94.9,https://journaliststudio.google.com/pinpoint-extract/preview?collection=d49d0347cb174e0c&job=14c7828a599a38c8&docid=67e06899595ac103_d49d0347cb174e0c&schid=8001&row=24&page=0
SB1R56 - July 2023_1.pdf,Holliday,92.4,93.6,90.3,85.1,92.1,78.2,83.5,91,90.6,90.8,91.9,93.1,93.6,93.1,93.6,93.2,94.1,94.2,93.6,93.8,94.1,93.9,94.3,95.5,94.2,93.7,91.2,91.7,92.5,93.4,95.7,https://journaliststudio.google.com/pinpoint-extract/preview?collection=d49d0347cb174e0c&job=14c7828a599a38c8&docid=67e06899595ac103_d49d0347cb174e0c&schid=8001&row=25&page=0
SB1R56 - July 2023_1.pdf,Hughes,89.2,87.8,90.3,90,89.4,86.8,93.4,91.3,91.2,91.5,92.3,93,94.4,94.6,93.3,91.9,95.1,95.1,94.8,93.5,93.6,92.9,92.7,93.7,94.1,90.1,91.7,91.7,92.4,93.1,97.8,https://journaliststudio.google.com/pinpoint-extract/preview?collection=d49d0347cb174e0c&job=14c7828a599a38c8&docid=67e06899595ac103_d49d0347cb174e0c&schid=8001&row=26&page=0
SB1R56 - July 2023_1.pdf,Huntsville,92.8,89.6,85.4,89.5,86.8,83.9,83.6,87.4,86.3,89.2,89.3,91.1,89.3,88.1,89.4,90.4,93.5,91,88.9,89.3,92,85.1,86.2,89.3,88.5,93,89.5,92.8,90.3,88.4,92.4,https://journaliststudio.google.com/pinpoint-extract/preview?collection=d49d0347cb174e0c&job=14c7828a599a38c8&docid=67e06899595ac103_d49d0347cb174e0c&schid=8001&row=27&page=0
SB1R56 - July 2023_1.pdf,Hutchins,90.2,88.3,91.5,92.4,92.9,93.7,91.4,93.3,90.8,90.5,87.3,91.4,90.4,91.6,92.8,85.9,92.2,93.2,93.5,92.4,91.9,89.4,88.8,91.1,92,91.5,92.2,92.9,91.1,93.6,93.4,https://journaliststudio.google.com/pinpoint-extract/preview?collection=d49d0347cb174e0c&job=14c7828a599a38c8&docid=67e06899595ac103_d49d0347cb174e0c&schid=8001&row=28&page=0
SB1R56 - July 2023_1.pdf,Jester III,89.3,89.7,89.7,89.5,88.6,80.5,81.7,82.6,87.1,88,91.5,87.9,92.3,89,89.2,88.6,88.2,89.6,90.6,87.8,88.9,88.3,86.3,87.8,88.8,86.7,88.8,87.2,85.3,89.7,94.3,https://journaliststudio.google.com/pinpoint-extract/preview?collection=d49d0347cb174e0c&job=14c7828a599a38c8&docid=67e06899595ac103_d49d0347cb174e0c&schid=8001&row=29&page=0
SB1R56 - July 2023_1.pdf,Johnston,93.3,84.7,92.8,81.5,92.9,92.6,91.4,92.4,85.3,87.5,82,92.4,92.3,93.3,93.3,80.2,91.2,93.7,94.7,94.6,93.7,88.2,89,93.4,95.2,94.5,94.7,95.6,94.8,95.1,92.2,https://journaliststudio.google.com/pinpoint-extract/preview?collection=d49d0347cb174e0c&job=14c7828a599a38c8&docid=67e06899595ac103_d49d0347cb174e0c&schid=8001&row=30&page=0
SB1R56 - July 2023_1.pdf,Jordan,79.9,81.7,84.2,84.2,86.5,82.7,83.3,82,80,82.7,84.3,89.7,88.2,87.6,88,88.9,89.2,89.9,89.4,86.3,86.2,82.6,83.2,88,89.2,91.2,88,87.3,85.6,89.7,94.2,https://journaliststudio.google.com/pinpoint-extract/preview?collection=d49d0347cb174e0c&job=14c7828a599a38c8&docid=67e06899595ac103_d49d0347cb174e0c&schid=8001&row=31&page=0
SB1R56 - July 2023_1.pdf,Lewis,93.2,87,89.6,90.2,86.8,85.5,83.5,91.9,91.1,90.8,92.4,89.1,91.9,93.1,93.8,92.8,92.9,88.2,92,94.2,92.2,95,89.8,94.7,90.2,91.7,91.3,89.3,94.4,95.3,89.9,https://journaliststudio.google.com/pinpoint-extract/preview?collection=d49d0347cb174e0c&job=14c7828a599a38c8&docid=67e06899595ac103_d49d0347cb174e0c&schid=8001&row=32&page=0
SB1R56 - July 2023_1.pdf,Lopez,96.9,96.3,94.6,87.1,93.2,79.6,82.2,93.6,94.8,96.8,96.2,95.3,96.7,91.8,97.4,97,97.7,94.2,98.3,98.4,98.3,94.3,98.4,92.1,97.1,95.8,97.2,94.5,95.5,95.5,94.6,https://journaliststudio.google.com/pinpoint-extract/preview?collection=d49d0347cb174e0c&job=14c7828a599a38c8&docid=67e06899595ac103_d49d0347cb174e0c&schid=8001&row=33&page=0
SB1R56 - July 2023_1.pdf,Luther,90.2,89,89.3,88.3,87.7,84.5,84.4,87.7,89,90.5,96.3,95.7,98.7,92.6,91.1,92.5,91.8,92.6,92.9,91.6,90.7,91.9,97.5,91.3,90,91.9,90.2,89,90.4,93.7,95.7,https://journaliststudio.google.com/pinpoint-extract/preview?collection=d49d0347cb174e0c&job=14c7828a599a38c8&docid=67e06899595ac103_d49d0347cb174e0c&schid=8001&row=34&page=0
SB1R56 - July 2023_1.pdf,Lychner,98.1,96.7,96.5,92.5,86.6,81.6,92.3,93.6,98.6,99.2,96.1,95.5,98.8,98.4,98,98.8,97.5,96.5,97.1,97.2,97.1,98.2,96.1,96.7,96.5,93.9,95.7,96,96.9,95.6,91.2,https://journaliststudio.google.com/pinpoint-extract/preview?collection=d49d0347cb174e0c&job=14c7828a599a38c8&docid=67e06899595ac103_d49d0347cb174e0c&schid=8001&row=35&page=0
SB1R56 - July 2023_1.pdf,Lynaugh,81.6,83.1,88.3,86.4,86.8,86.5,86.9,86.1,85.4,88.1,89.3,90.4,87.9,87,91.5,87.3,89.1,91.3,91.4,91.3,91.4,89,91.5,90.7,91.5,89.7,89.8,88,88.6,88.1,97.6,https://journaliststudio.google.com/pinpoint-extract/preview?collection=d49d0347cb174e0c&job=14c7828a599a38c8&docid=67e06899595ac103_d49d0347cb174e0c&schid=8001&row=36&page=0
SB1R56 - July 2023_1.pdf,Mcconnell,91.8,91.2,92.1,87.8,90.9,84.1,88.9,91.3,91.2,91.3,92.8,92.7,93.1,92.3,92.2,93.2,92.3,96.7,93.6,99.9,95.3,91.5,92.3,92.1,90.4,91.6,92.5,91.6,90.7,95.8,89.8,https://journaliststudio.google.com/pinpoint-extract/preview?collection=d49d0347cb174e0c&job=14c7828a599a38c8&docid=67e06899595ac103_d49d0347cb174e0c&schid=8001&row=37&page=0
SB1R56 - July 2023_1.pdf,Memorial,87.4,89.2,89.4,89.8,89.4,84.2,85.7,85.8,85.7,87.9,91.2,92,91.7,90.2,88.7,88.2,91,91.2,88.1,89.9,90.6,89.2,89.7,88.5,85.2,89,87,90.1,88.1,86.2,92.2,https://journaliststudio.google.com/pinpoint-extract/preview?collection=d49d0347cb174e0c&job=14c7828a599a38c8&docid=67e06899595ac103_d49d0347cb174e0c&schid=8001&row=38&page=0
SB1R56 - July 2023_1.pdf,Michael,90.3,89.2,86.1,87,88.9,88.5,87.9,88.3,88.1,89.4,87.6,89.3,90.1,90.7,91.4,90.1,92.8,92.1,92.4,93.2,92.2,90.1,90.2,90.6,90.4,90.6,90.1,90.7,92.1,91.8,88.7,https://journaliststudio.google.com/pinpoint-extract/preview?collection=d49d0347cb174e0c&job=14c7828a599a38c8&docid=67e06899595ac103_d49d0347cb174e0c&schid=8001&row=39&page=0
SB1R56 - July 2023_1.pdf,Middleton,77,88.3,90.4,91.2,92.6,83,88.8,92.3,89.8,91.3,91.4,96.4,96.6,95.7,92.6,94.8,93.7,97,96.6,96.2,93.2,93.3,94,98.6,97.1,97.3,92.4,95.8,94.5,94.3,93.7,https://journaliststudio.google.com/pinpoint-extract/preview?collection=d49d0347cb174e0c&job=14c7828a599a38c8&docid=67e06899595ac103_d49d0347cb174e0c&schid=8001&row=40&page=0
SB1R56 - July 2023_1.pdf,Montford,77,87.3,91.6,85.8,91,84.5,86.1,85.2,88.9,84.8,88.8,94.1,99.1,87.3,89.4,88.1,90.2,90,89.8,92.6,88.7,89.3,89.2,89.3,91.2,88.7,88.7,90.8,89.6,89.6,96.3,https://journaliststudio.google.com/pinpoint-extract/preview?collection=d49d0347cb174e0c&job=14c7828a599a38c8&docid=67e06899595ac103_d49d0347cb174e0c&schid=8001&row=41&page=0
SB1R56 - July 2023_1.pdf,"Moore, C.",84.3,93.1,95.3,88.9,90.5,87.5,87.2,91.6,91.5,87.6,84.5,91.3,91.4,90.9,89.5,78.9,92.5,94.2,95,93.5,92,87.3,92.4,92.4,94,93.5,94.3,93.9,94.5,93.4,88.4,https://journaliststudio.google.com/pinpoint-extract/preview?collection=d49d0347cb174e0c&job=14c7828a599a38c8&docid=67e06899595ac103_d49d0347cb174e0c&schid=8001&row=42&page=0
SB1R56 - July 2023_1.pdf,Oâ€™Daniel,93.5,88.3,94.3,91.8,90.8,90.1,87.8,93,92.4,91.7,89.8,93,95,96.6,96,95.3,97.5,96.1,95,95.5,95.3,93.3,91.6,97.2,93.3,95.4,95.3,93.5,96.3,98.5,89.5,https://journaliststudio.google.com/pinpoint-extract/preview?collection=d49d0347cb174e0c&job=14c7828a599a38c8&docid=67e06899595ac103_d49d0347cb174e0c&schid=8001&row=43&page=0
SB1R56 - July 2023_1.pdf,Murray,89.1,87.2,89.9,89.7,90.1,86.8,84.5,84.4,87.2,88,91.1,89.3,90,89.6,85.2,85.9,86.1,95.8,85.5,87.8,90.6,86.6,92.6,89.9,89.9,82.9,87,80.9,85.9,84.9,93.5,https://journaliststudio.google.com/pinpoint-extract/preview?collection=d49d0347cb174e0c&job=14c7828a599a38c8&docid=67e06899595ac103_d49d0347cb174e0c&schid=8001&row=44&page=0
SB1R56 - July 2023_1.pdf,Plane,94.2,92.6,94.8,96.3,94,82.2,90.6,89.3,94.9,96.4,94.2,94.5,91.1,94.4,94.8,96.5,96.5,96.1,94.6,97.3,93.2,94.1,95.1,94.5,92.2,93.3,90.9,95.4,100.5,97.7,85,https://journaliststudio.google.com/pinpoint-extract/preview?collection=d49d0347cb174e0c&job=14c7828a599a38c8&docid=67e06899595ac103_d49d0347cb174e0c&schid=8001&row=45&page=0
SB1R56 - July 2023_1.pdf,Polunsky,93.4,93,92.2,91.1,90.6,82.9,86.9,91.2,92.2,93.1,92.8,92.4,93.1,93,94.1,93.6,95.4,94.4,95.4,94.7,94.1,95.9,94.2,94.2,93.8,93.1,92.8,92.1,93.3,94.8,90.4,https://journaliststudio.google.com/pinpoint-extract/preview?collection=d49d0347cb174e0c&job=14c7828a599a38c8&docid=67e06899595ac103_d49d0347cb174e0c&schid=8001&row=46&page=0
SB1R56 - July 2023_1.pdf,Powledge,89.7,88.9,89.4,89.2,89.4,89.2,88.3,87.8,89.2,89.9,90.4,90.5,90.5,92,92.2,90.7,92.2,95.9,91.7,92.2,92.6,91.8,90.1,89.7,91.1,92.3,92.1,92.2,92.5,93.2,97.3,https://journaliststudio.google.com/pinpoint-extract/preview?collection=d49d0347cb174e0c&job=14c7828a599a38c8&docid=67e06899595ac103_d49d0347cb174e0c&schid=8001&row=47&page=0
SB1R56 - July 2023_1.pdf,Ramsey,92.2,90.2,91.6,91.7,90.2,85.4,87.2,87.5,90,91.6,91.7,92.3,92.6,92.8,93.2,93.3,93.1,93.4,94.7,92.6,93.2,92.8,93,92.2,91.9,90.2,93,92.1,90.4,92.4,93.8,https://journaliststudio.google.com/pinpoint-extract/preview?collection=d49d0347cb174e0c&job=14c7828a599a38c8&docid=67e06899595ac103_d49d0347cb174e0c&schid=8001&row=48&page=0
SB1R56 - July 2023_1.pdf,Roach,85,86.4,86.1,84.3,87.8,85.4,84.8,84.3,83.7,84,87.2,90.9,91.7,87.2,85.3,86.5,88.4,90.1,91.8,91.1,86.5,86.3,87.8,90.4,91.8,90.1,91.1,91.6,92.3,93.1,93.1,https://journaliststudio.google.com/pinpoint-extract/preview?collection=d49d0347cb174e0c&job=14c7828a599a38c8&docid=67e06899595ac103_d49d0347cb174e0c&schid=8001&row=49&page=0
SB1R56 - July 2023_2.pdf,Robertson,73.6,83.7,88,89.5,88.7,84.5,89,88.9,89.1,91.9,89.1,95.2,95.3,94,91.9,91.4,94.3,95,93,93.3,91.1,88.6,88.5,92.7,93.9,93.1,92.7,93.7,93,93.7,92.8,https://journaliststudio.google.com/pinpoint-extract/preview?collection=d49d0347cb174e0c&job=14c7828a599a38c8&docid=82e45bc3f3dd02c9_d49d0347cb174e0c&schid=8001&row=0&page=0
SB1R56 - July 2023_2.pdf,Sanchez,89.7,88.3,87,88,91.5,88.1,91.5,94.5,93.1,90.7,94.3,95.9,95.4,95.2,89,90.5,91.1,93.5,93,92,92,91.8,87.1,90.1,98.6,93.1,87.1,93.2,90.2,84.7,93.7,https://journaliststudio.google.com/pinpoint-extract/preview?collection=d49d0347cb174e0c&job=14c7828a599a38c8&docid=82e45bc3f3dd02c9_d49d0347cb174e0c&schid=8001&row=1&page=0
SB1R56 - July 2023_2.pdf,Segovia,96,95.6,94,95.6,89.9,87,80.3,92,94.5,92.1,96.1,95.8,92.6,95.5,95,96.8,95.7,98,95.5,90,92.3,97.3,93.9,92.4,93.2,95.2,95.9,94.7,90.9,87,89.9,https://journaliststudio.google.com/pinpoint-extract/preview?collection=d49d0347cb174e0c&job=14c7828a599a38c8&docid=82e45bc3f3dd02c9_d49d0347cb174e0c&schid=8001&row=2&page=0
SB1R56 - July 2023_2.pdf,Smith,86,84.1,85.8,86.2,87.2,87.7,87.7,87.3,88,87.7,88,89.2,90,90.7,90.3,89.2,89.8,90.4,90.6,91.1,90.7,86.3,88.2,89.5,90,89.5,89.6,89.8,90.2,89.5,96.9,https://journaliststudio.google.com/pinpoint-extract/preview?collection=d49d0347cb174e0c&job=14c7828a599a38c8&docid=82e45bc3f3dd02c9_d49d0347cb174e0c&schid=8001&row=3&page=0
SB1R56 - July 2023_2.pdf,Stevenson,97.2,93.7,93.3,93.2,92.8,83.6,90.5,94.6,97.1,94.3,93.9,94.7,94.9,95.4,94.8,98.2,99.8,97.4,96.5,95.9,97.7,94.1,96.1,94.4,94.1,96.8,96.8,94.8,95.1,94.6,90.1,https://journaliststudio.google.com/pinpoint-extract/preview?collection=d49d0347cb174e0c&job=14c7828a599a38c8&docid=82e45bc3f3dd02c9_d49d0347cb174e0c&schid=8001&row=4&page=0
SB1R56 - July 2023_2.pdf,Stiles,91.1,90.6,90,86.1,90.7,85.9,88,84.7,87.3,88.5,89.5,90.4,89.6,89.6,90.2,90.6,90.5,91,90.4,89.7,90.9,91.1,90,90.6,88.7,89.2,88.9,89.5,89.5,90.5,95.3,https://journaliststudio.google.com/pinpoint-extract/preview?collection=d49d0347cb174e0c&job=14c7828a599a38c8&docid=82e45bc3f3dd02c9_d49d0347cb174e0c&schid=8001&row=5&page=0
SB1R56 - July 2023_2.pdf,Stringfellow,89.5,87.4,88.4,88.1,88.5,81.5,84,86.2,90.6,92.7,89,89.1,87.7,89.5,90.4,92.2,90,84.3,89.9,89.7,90.2,88.2,90.1,86.2,92.6,90.1,88.7,88.9,86.1,89.9,90.3,https://journaliststudio.google.com/pinpoint-extract/preview?collection=d49d0347cb174e0c&job=14c7828a599a38c8&docid=82e45bc3f3dd02c9_d49d0347cb174e0c&schid=8001&row=6&page=0
SB1R56 - July 2023_2.pdf,Telford,90.5,84.5,89.3,84.5,89.4,87.4,87.9,84,81.7,83.3,82.6,86.5,87.3,87.2,89,75.9,88.9,91.8,91.7,89.4,88.9,87.5,87.1,88.2,89.8,89.8,89.8,89.8,91.9,91.9,88.3,https://journaliststudio.google.com/pinpoint-extract/preview?collection=d49d0347cb174e0c&job=14c7828a599a38c8&docid=82e45bc3f3dd02c9_d49d0347cb174e0c&schid=8001&row=7&page=0
SB1R56 - July 2023_2.pdf,Terrell,92.4,88.2,93.7,88.6,83,79,85.8,85.5,85.9,93.6,92.4,90.3,95,88.6,90,86.1,89.6,95.1,95.3,90.9,94.5,94.5,91.4,86.7,92.9,91.6,89.2,86.4,88.7,85.7,89.9,https://journaliststudio.google.com/pinpoint-extract/preview?collection=d49d0347cb174e0c&job=14c7828a599a38c8&docid=82e45bc3f3dd02c9_d49d0347cb174e0c&schid=8001&row=8&page=0
SB1R56 - July 2023_2.pdf,Torres,90.1,87.1,91.3,86.3,91.1,88.7,87.5,84.4,85.7,90.4,90.2,94.4,92.3,93.3,93,90.3,93.4,93.3,93.1,93.7,88.3,96.4,94.8,94.9,90.5,92.5,91.6,91.7,89.9,91.8,95.6,https://journaliststudio.google.com/pinpoint-extract/preview?collection=d49d0347cb174e0c&job=14c7828a599a38c8&docid=82e45bc3f3dd02c9_d49d0347cb174e0c&schid=8001&row=9&page=0
SB1R56 - July 2023_2.pdf,Vance,96.2,94.6,95.7,92.2,92.4,79.6,85.8,82,93,95.6,97.1,95.4,96.4,95.4,96.1,95,95.2,95.5,96.2,94.6,94.1,94.5,95.6,96.3,94.7,94.5,93.3,94.6,93.7,95.4,94.2,https://journaliststudio.google.com/pinpoint-extract/preview?collection=d49d0347cb174e0c&job=14c7828a599a38c8&docid=82e45bc3f3dd02c9_d49d0347cb174e0c&schid=8001&row=10&page=0
SB1R56 - July 2023_2.pdf,Wainwright,96.2,95.6,97.6,96.7,98.2,88.3,91.5,96,98.2,90.7,89.9,90.3,90,89.4,90.4,90.2,96.2,89.8,92.2,89.7,92.5,89.1,89.2,89.9,88.9,91.1,92.4,90.6,91.1,94.4,96.7,https://journaliststudio.google.com/pinpoint-extract/preview?collection=d49d0347cb174e0c&job=14c7828a599a38c8&docid=82e45bc3f3dd02c9_d49d0347cb174e0c&schid=8001&row=11&page=0
SB1R56 - July 2023_2.pdf,Wallace,82.2,88.8,87.7,88.1,89,88.7,89.1,90.2,91.4,90.7,93,94.1,95.2,93.7,94.3,91.1,95,96.2,91.8,93.3,92.2,90.2,93.6,94.2,93.9,94.5,93.9,93.1,89.9,90.5,93.1,https://journaliststudio.google.com/pinpoint-extract/preview?collection=d49d0347cb174e0c&job=14c7828a599a38c8&docid=82e45bc3f3dd02c9_d49d0347cb174e0c&schid=8001&row=12&page=0
SB1R56 - July 2023_2.pdf,Wheeler,76.3,87.3,82.8,84.4,79.6,82.7,85.1,80.2,79.1,85.3,85.2,86.3,84.6,86.1,81.6,83.4,80.2,86.4,88.3,91.7,82.2,87.2,81.8,85.6,86.2,82.7,85.2,85.1,84.5,85.1,93.1,https://journaliststudio.google.com/pinpoint-extract/preview?collection=d49d0347cb174e0c&job=14c7828a599a38c8&docid=82e45bc3f3dd02c9_d49d0347cb174e0c&schid=8001&row=13&page=0
SB1R56 - July 2023_2.pdf,Woodman,91.3,94.9,91.4,94,89.2,92.9,91,94.9,98.1,99.7,95.1,98.9,95.3,99.5,97,92.4,98.6,99.8,91.5,99.5,98.3,94.4,93.4,94,95.8,95.7,95.4,93.3,94.3,98.2,78.5,https://journaliststudio.google.com/pinpoint-extract/preview?collection=d49d0347cb174e0c&job=14c7828a599a38c8&docid=82e45bc3f3dd02c9_d49d0347cb174e0c&schid=8001&row=14&page=0
SB1R56 - July 2023_2.pdf,Wynne,93.3,93.5,90.6,89.8,89.7,81.9,87,88.5,90.6,92,93,93.3,93.5,93.9,94.6,93.2,94,94.3,94.5,91.6,93.2,94.2,93.5,94.5,94.2,94.6,94.6,94.1,93.7,95.1,94.8,https://journaliststudio.google.com/pinpoint-extract/preview?collection=d49d0347cb174e0c&job=14c7828a599a38c8&docid=82e45bc3f3dd02c9_d49d0347cb174e0c&schid=8001&row=15&page=0
SB1R56 - July 2023_2.pdf,Young,94.2,94.8,92.7,91.2,90.9,80.8,88.8,88.1,90.3,91.7,94.4,93.3,93.5,95.9,95.3,95.8,92.6,93.2,97.1,95.5,94.3,96.5,94.6,91.7,91.9,91.8,93,94.6,88.8,93.1,96.3,https://journaliststudio.google.com/pinpoint-extract/preview?collection=d49d0347cb174e0c&job=14c7828a599a38c8&docid=82e45bc3f3dd02c9_d49d0347cb174e0c&schid=8001&row=16&page=0
SB1R56 - May 2023_1.pdf,Allred,75.9,77.7,76.9,74.7,79.3,83.3,86.7,80.1,82.8,81.2,78.9,86.5,79.2,79.5,79.6,77.9,81.4,81.6,82.6,76.8,78.6,79.1,81.2,80.8,80.2,79.3,79.4,70.3,80.2,82.5,83.7,https://journaliststudio.google.com/pinpoint-extract/preview?collection=d49d0347cb174e0c&job=14c7828a599a38c8&docid=a5c427f3a13141af_d49d0347cb174e0c&schid=8001&row=0&page=0
SB1R56 - May 2023_1.pdf,Beto,73.4,75.7,77.8,76.3,79.7,75.1,80,80.1,80.1,76.3,79.6,81.6,81.8,74.8,78.1,76.3,76.8,79.4,83,76.9,75.2,78.1,75.5,77.1,77.7,80.1,79.9,81.2,80.9,80.4,78.5,https://journaliststudio.google.com/pinpoint-extract/preview?collection=d49d0347cb174e0c&job=14c7828a599a38c8&docid=a5c427f3a13141af_d49d0347cb174e0c&schid=8001&row=1&page=0
SB1R56 - May 2023_1.pdf,Boyd,80.3,79.3,81.4,80,83.5,85.4,83.8,84.9,82.4,76,83.1,85.7,82,76.2,80.2,80.2,79.6,85.4,89.2,81.4,79.9,81.7,82.2,82.6,82.2,84.3,83.3,85,85.1,84.1,83.9,https://journaliststudio.google.com/pinpoint-extract/preview?collection=d49d0347cb174e0c&job=14c7828a599a38c8&docid=a5c427f3a13141af_d49d0347cb174e0c&schid=8001&row=2&page=0
SB1R56 - May 2023_1.pdf,Bradshaw,80.5,83.3,82.5,82.6,83.3,90.2,79.5,85.6,83.7,77,84.2,89.5,83,76.2,86,80,82,84.2,88.6,79.6,77.2,84,80.5,81.5,83.3,85.7,84.1,83.6,78.7,87.7,85.4,https://journaliststudio.google.com/pinpoint-extract/preview?collection=d49d0347cb174e0c&job=14c7828a599a38c8&docid=a5c427f3a13141af_d49d0347cb174e0c&schid=8001&row=3&page=0
SB1R56 - May 2023_1.pdf,Briscoe,85.4,80.2,83.5,83,89.9,88.7,83.1,83.6,79.7,82,85.5,89.9,78.4,83.7,84.1,86,84.4,83.7,85.5,79.3,81.5,81.8,83.8,85.5,85.9,85.2,85.6,81.6,83.9,81.5,83.6,https://journaliststudio.google.com/pinpoint-extract/preview?collection=d49d0347cb174e0c&job=14c7828a599a38c8&docid=a5c427f3a13141af_d49d0347cb174e0c&schid=8001&row=4&page=0
SB1R56 - May 2023_1.pdf,Byrd,76.7,75.6,76.7,74,80.3,82,80.1,75.7,71,70.9,76.2,77.8,79.2,77.4,78.7,78.2,80.2,77.3,80.5,75,76.2,75.5,72.8,74.3,76.5,77.9,83.1,81.6,78.4,80.2,82.6,https://journaliststudio.google.com/pinpoint-extract/preview?collection=d49d0347cb174e0c&job=14c7828a599a38c8&docid=a5c427f3a13141af_d49d0347cb174e0c&schid=8001&row=5&page=0
SB1R56 - May 2023_1.pdf,Clemens,76.3,76,74.5,74.8,76.7,80.7,77.4,70.2,77.5,73.9,80.2,77.8,74.8,81,80.6,78.4,81,81.5,85.6,80.9,77.3,81.2,83.1,79.7,77.3,80.9,77.4,81.4,80.3,74.9,79.9,https://journaliststudio.google.com/pinpoint-extract/preview?collection=d49d0347cb174e0c&job=14c7828a599a38c8&docid=a5c427f3a13141af_d49d0347cb174e0c&schid=8001&row=6&page=0
SB1R56 - May 2023_1.pdf,Clements,67.8,77,67.8,76.9,75.1,75.2,74.9,75,77,77.1,76.1,75.3,69,70,76.1,70.1,72.6,73.1,71.2,77,76.7,77.2,71,75.9,72.1,72.1,72.3,73,76.2,74.7,74.7,https://journaliststudio.google.com/pinpoint-extract/preview?collection=d49d0347cb174e0c&job=14c7828a599a38c8&docid=a5c427f3a13141af_d49d0347cb174e0c&schid=8001&row=7&page=0
SB1R56 - May 2023_1.pdf,Coffield,76,79.2,80.2,77.2,81.2,91,84.1,86.5,81.2,74.3,80.5,82,85.5,74.6,76.8,80.3,76.9,80.4,85.3,77.4,77.9,78.6,77.7,81.6,81,87.9,84.2,82.9,83,86.9,81.2,https://journaliststudio.google.com/pinpoint-extract/preview?collection=d49d0347cb174e0c&job=14c7828a599a38c8&docid=a5c427f3a13141af_d49d0347cb174e0c&schid=8001&row=8&page=0
SB1R56 - May 2023_1.pdf,Cole,79,79.2,76.4,80,93.1,85.9,87.3,91.8,93.6,80,87.8,89.1,85.1,70.9,87.5,77.1,79.3,82.7,81.3,77.9,79.8,79.6,77.1,82.7,79,78.9,78.9,81.2,87.3,83,83.5,https://journaliststudio.google.com/pinpoint-extract/preview?collection=d49d0347cb174e0c&job=14c7828a599a38c8&docid=a5c427f3a13141af_d49d0347cb174e0c&schid=8001&row=9&page=0
SB1R56 - May 2023_1.pdf,Connally,79.9,78.5,83.4,85.7,90.7,91.9,80.2,90.6,79.4,79,82,83.7,77.8,83.8,77.7,84.7,83.6,86.5,90.1,80,82.8,81.2,84.1,89.4,89.5,88.7,84.6,83,86.2,82.7,84.2,https://journaliststudio.google.com/pinpoint-extract/preview?collection=d49d0347cb174e0c&job=14c7828a599a38c8&docid=a5c427f3a13141af_d49d0347cb174e0c&schid=8001&row=10&page=0
SB1R56 - May 2023_1.pdf,Crain,77,79.3,79.7,84.5,88.8,84.9,84.6,84,80.6,77.2,85.9,84.5,77.9,79.6,84.7,82.4,86.3,85.4,87.6,79.6,77.8,80.6,86.6,84.2,83.3,85.6,84.2,84.8,86,89.8,86.1,https://journaliststudio.google.com/pinpoint-extract/preview?collection=d49d0347cb174e0c&job=14c7828a599a38c8&docid=a5c427f3a13141af_d49d0347cb174e0c&schid=8001&row=11&page=0
SB1R56 - May 2023_1.pdf,Dalhart,77.5,78.4,79.2,79.4,79.4,79.6,80.6,79.8,83,80.2,78.8,78.6,73.8,71.8,72,79.9,82.3,81.9,78.6,78.8,79.2,80.5,77.8,80.2,77.7,79.4,79.3,78.5,77.1,78.9,77.3,https://journaliststudio.google.com/pinpoint-extract/preview?collection=d49d0347cb174e0c&job=14c7828a599a38c8&docid=a5c427f3a13141af_d49d0347cb174e0c&schid=8001&row=12&page=0
SB1R56 - May 2023_1.pdf,Daniel,79.8,78.4,78.9,80.4,84,83.2,82.6,80.7,84.3,84.8,87.7,84.8,80.5,72.4,74.6,79.2,80.2,78.6,82.2,77.6,76.2,77.5,88.1,79.4,78.9,76.3,73.4,75.7,76.1,78.7,80.2,https://journaliststudio.google.com/pinpoint-extract/preview?collection=d49d0347cb174e0c&job=14c7828a599a38c8&docid=a5c427f3a13141af_d49d0347cb174e0c&schid=8001&row=13&page=0
SB1R56 - May 2023_1.pdf,Dominguez,84.5,79.9,84,84,91.4,83.3,81.4,88.5,74.7,80.7,86.5,86.6,79.8,84.7,82.5,82.8,84.5,88.4,87.7,78.6,73.1,82.1,88.5,87.5,83.2,85.3,85.8,83.7,86.6,84.3,86.5,https://journaliststudio.google.com/pinpoint-extract/preview?collection=d49d0347cb174e0c&job=14c7828a599a38c8&docid=a5c427f3a13141af_d49d0347cb174e0c&schid=8001&row=14&page=0
SB1R56 - May 2023_1.pdf,Ellis,78.3,76.6,79.6,79.7,83.8,89.7,80.3,88.7,80.4,79.4,80,90.7,82.4,83.4,88.9,90.9,80.5,89.3,89.4,87,83.3,85,82.6,77.9,80.2,85.7,86.2,86.3,89.1,88.7,93.4,https://journaliststudio.google.com/pinpoint-extract/preview?collection=d49d0347cb174e0c&job=14c7828a599a38c8&docid=a5c427f3a13141af_d49d0347cb174e0c&schid=8001&row=15&page=0
SB1R56 - May 2023_1.pdf,Estelle,76,76.6,78,79.7,83.4,84.5,81.4,83.5,79.7,78.2,80.3,81.4,82.2,77.6,82,80.3,78.7,78.6,85.6,83.8,80.5,79.5,76.8,77.1,78.6,83.7,82.3,80.5,81.1,81.2,81.9,https://journaliststudio.google.com/pinpoint-extract/preview?collection=d49d0347cb174e0c&job=14c7828a599a38c8&docid=a5c427f3a13141af_d49d0347cb174e0c&schid=8001&row=16&page=0
SB1R56 - May 2023_1.pdf,Ferguson,75.8,80,82.1,82.8,85.7,85,83.8,84,78.9,78.3,82.1,84.4,84,77.1,77.8,80.7,83,81.2,83.2,83,81.3,81.2,81.4,84.5,82,85.6,86.4,88.1,87.8,85.2,85,https://journaliststudio.google.com/pinpoint-extract/preview?collection=d49d0347cb174e0c&job=14c7828a599a38c8&docid=a5c427f3a13141af_d49d0347cb174e0c&schid=8001&row=17&page=0
SB1R56 - May 2023_1.pdf,Formby,79.6,80.3,81.5,81.3,86.7,81.6,81.2,82.8,86.5,84.5,80.8,86.6,71.3,75.6,76.7,78.1,81.1,82.3,79.2,77.6,78.3,77.5,80.5,80.4,81.3,80.6,76.1,80.2,81.3,86.1,81.8,https://journaliststudio.google.com/pinpoint-extract/preview?collection=d49d0347cb174e0c&job=14c7828a599a38c8&docid=a5c427f3a13141af_d49d0347cb174e0c&schid=8001&row=18&page=0
SB1R56 - May 2023_1.pdf,Garza West,89.9,83.8,85.8,86,92.3,89.3,82.3,91.1,82.9,87.3,89.1,89.4,78.9,89.1,84.6,78,91.2,90.5,94,84.2,84.3,89.8,91.5,94.7,92.3,89.7,91.3,83.7,92.8,93.3,92.3,https://journaliststudio.google.com/pinpoint-extract/preview?collection=d49d0347cb174e0c&job=14c7828a599a38c8&docid=a5c427f3a13141af_d49d0347cb174e0c&schid=8001&row=19&page=0
SB1R56 - May 2023_1.pdf,Gist,80.4,81.3,84.5,85,86.5,81.7,82.4,82.3,77.6,77.8,87.8,86.9,87,84.9,88.5,87.9,87.7,88.9,89.6,91.4,82.9,87.1,88.2,88.2,86.6,89.6,89.4,86.7,92.2,90.4,80.1,https://journaliststudio.google.com/pinpoint-extract/preview?collection=d49d0347cb174e0c&job=14c7828a599a38c8&docid=a5c427f3a13141af_d49d0347cb174e0c&schid=8001&row=20&page=0
SB1R56 - May 2023_1.pdf,Goodman,79.1,80.1,80.3,80.2,93.7,89.1,80.2,77.9,69.1,69.2,83.3,95.2,84.4,87,77.9,81.6,86.1,87.2,93.3,86.7,78.3,87,85.1,84.1,87.5,82.2,84.2,85.3,78.3,84.7,79.8,https://journaliststudio.google.com/pinpoint-extract/preview?collection=d49d0347cb174e0c&job=14c7828a599a38c8&docid=a5c427f3a13141af_d49d0347cb174e0c&schid=8001&row=21&page=0
SB1R56 - May 2023_1.pdf,Goree,75.7,76.5,78.5,80,81.4,82,78.9,81.1,74.3,73.7,80.4,84.8,79.3,76.8,80.1,77.3,78.3,78.5,84.3,79.5,75.6,79.4,76.6,76.3,80.5,78.6,80,82.1,81.4,79.7,80.3,https://journaliststudio.google.com/pinpoint-extract/preview?collection=d49d0347cb174e0c&job=14c7828a599a38c8&docid=a5c427f3a13141af_d49d0347cb174e0c&schid=8001&row=22&page=0
SB1R56 - May 2023_1.pdf,Hightower,77.8,77.3,80.3,80.2,83.6,82.4,78.6,86.5,78.8,73.8,82.6,87.7,82.4,77.3,86.7,85.6,84.9,85,89.9,88.6,78.9,83,86.7,87.6,83.4,83.2,88.7,84.9,81.9,85.2,85.7,https://journaliststudio.google.com/pinpoint-extract/preview?collection=d49d0347cb174e0c&job=14c7828a599a38c8&docid=a5c427f3a13141af_d49d0347cb174e0c&schid=8001&row=23&page=0
SB1R56 - May 2023_1.pdf,Hilltop,76.8,75.5,76.4,76.1,74.9,76.9,73.6,78.6,80.9,75.7,76.9,79.4,76.4,77.8,77.9,79.5,76.4,78.5,79.5,77.1,76.2,77,77.8,77.8,78.2,78.8,78.3,78.2,78.6,78.4,79.4,https://journaliststudio.google.com/pinpoint-extract/preview?collection=d49d0347cb174e0c&job=14c7828a599a38c8&docid=a5c427f3a13141af_d49d0347cb174e0c&schid=8001&row=24&page=0
SB1R56 - May 2023_1.pdf,Hobby,79,82.7,82.4,81.6,87.2,85.5,83.9,81.4,80.5,76.6,79.1,91.3,78.1,76.2,78.3,75.3,79,80,88.3,80.1,76.8,77.2,85.3,80.5,82.6,81.8,82.4,82,83.3,81.3,81.8,https://journaliststudio.google.com/pinpoint-extract/preview?collection=d49d0347cb174e0c&job=14c7828a599a38c8&docid=a5c427f3a13141af_d49d0347cb174e0c&schid=8001&row=25&page=0
SB1R56 - May 2023_1.pdf,Holliday,81.9,82.4,81.6,83.2,88.1,84.8,80.2,81.4,74.6,77,84.4,85.3,80.5,80.1,85.1,81.8,88.1,84.6,84.6,86.4,79.1,83.7,80,79.7,84.5,86.1,86.8,86.8,87.4,82.1,84.1,https://journaliststudio.google.com/pinpoint-extract/preview?collection=d49d0347cb174e0c&job=14c7828a599a38c8&docid=a5c427f3a13141af_d49d0347cb174e0c&schid=8001&row=26&page=0
SB1R56 - May 2023_1.pdf,Hughes,77.6,78.9,82.2,80.1,84.5,81.6,82,86.1,78.6,74.4,86.5,88,80.8,75.8,82,77.1,81,80.2,83.7,77,78.1,81.5,81.8,80.7,79.7,80.6,79.8,79,82.5,84.3,82.6,https://journaliststudio.google.com/pinpoint-extract/preview?collection=d49d0347cb174e0c&job=14c7828a599a38c8&docid=a5c427f3a13141af_d49d0347cb174e0c&schid=8001&row=27&page=0
SB1R56 - May 2023_1.pdf,Huntsville,77.6,79.4,82.2,75.8,84.4,83.4,83.5,79.8,72.4,73.3,81.7,85.3,79.7,78.7,82.5,80.3,78.9,83.9,84.6,84.9,78.7,79.3,75.7,78.4,78.9,81.3,83.2,82.4,84.4,82.4,82.8,https://journaliststudio.google.com/pinpoint-extract/preview?collection=d49d0347cb174e0c&job=14c7828a599a38c8&docid=a5c427f3a13141af_d49d0347cb174e0c&schid=8001&row=28&page=0
SB1R56 - May 2023_1.pdf,Hutchins,78.2,81,81.3,84.6,86.8,85.5,83.3,93.9,83.5,80,84.5,86.3,84.5,78.6,85.2,81.6,82.3,85,93.4,80.6,78.5,81.6,84,85,85.1,84.8,85.4,86.8,88.2,86.8,87.9,https://journaliststudio.google.com/pinpoint-extract/preview?collection=d49d0347cb174e0c&job=14c7828a599a38c8&docid=a5c427f3a13141af_d49d0347cb174e0c&schid=8001&row=29&page=0
SB1R56 - May 2023_1.pdf,Jester III,78.5,79.2,80,82.6,87.3,84.3,75.3,81.9,78.1,76.1,83.4,82.1,78.2,79.1,81.3,82.1,80.6,83.1,82,83.2,77.7,81.7,84.5,79.9,81.8,83.1,84,83.4,84.1,80.2,82.8,https://journaliststudio.google.com/pinpoint-extract/preview?collection=d49d0347cb174e0c&job=14c7828a599a38c8&docid=a5c427f3a13141af_d49d0347cb174e0c&schid=8001&row=30&page=0
SB1R56 - May 2023_1.pdf,Johnston,75.8,79.7,78,81,82.7,88,81.5,83.7,84.4,77.8,82.8,84.9,83,80.5,85,79.8,78.4,83.3,87.9,74.7,77.6,80.4,83.7,81.5,83.3,84.5,84.3,86.3,85.5,85.2,85.5,https://journaliststudio.google.com/pinpoint-extract/preview?collection=d49d0347cb174e0c&job=14c7828a599a38c8&docid=a5c427f3a13141af_d49d0347cb174e0c&schid=8001&row=31&page=0
SB1R56 - May 2023_1.pdf,Jordan,75.2,77.1,76.1,74.3,77.3,80.9,81,79.9,80.7,79.5,78.9,78.1,70.7,73,70.6,75.6,79.2,74.5,71.2,72.2,76.4,77.8,74.4,81.3,75.8,79.6,77.1,74.7,77.3,82.5,79.4,https://journaliststudio.google.com/pinpoint-extract/preview?collection=d49d0347cb174e0c&job=14c7828a599a38c8&docid=a5c427f3a13141af_d49d0347cb174e0c&schid=8001&row=32&page=0
SB1R56 - May 2023_1.pdf,Lewis,78.8,78.5,81.5,81.1,82.8,87.9,78.9,78.8,74.6,76.8,81.7,82.4,89,79.9,82.4,83.8,83.2,82.6,85.4,86.3,81.2,83.2,80.2,81.7,82.3,82.4,84.3,84.9,83.6,86.5,84.2,https://journaliststudio.google.com/pinpoint-extract/preview?collection=d49d0347cb174e0c&job=14c7828a599a38c8&docid=a5c427f3a13141af_d49d0347cb174e0c&schid=8001&row=33&page=0
SB1R56 - May 2023_1.pdf,Lopez,87.8,84.4,87,86.9,88.1,89.7,89.9,87.8,86.7,89.6,90.1,91,76.6,87.1,81.7,74.5,88.8,89.4,92.2,81.8,84.9,89.6,83.7,91.5,90.1,90.7,88.6,81.3,89.5,90.1,90.9,https://journaliststudio.google.com/pinpoint-extract/preview?collection=d49d0347cb174e0c&job=14c7828a599a38c8&docid=a5c427f3a13141af_d49d0347cb174e0c&schid=8001&row=34&page=0
SB1R56 - May 2023_1.pdf,Luther,79.5,78.6,78.6,79,82.8,88.3,80.5,82.4,78.6,76.2,85.6,89.7,79.2,78.2,79.6,82.8,80.2,82.6,82.8,82.2,79,79.2,83.5,79.7,81.5,81.2,83.9,83.2,83.3,80.2,81.4,https://journaliststudio.google.com/pinpoint-extract/preview?collection=d49d0347cb174e0c&job=14c7828a599a38c8&docid=a5c427f3a13141af_d49d0347cb174e0c&schid=8001&row=35&page=0
SB1R56 - May 2023_1.pdf,Lychner,84,80.1,88.2,90.7,95.2,97.9,84.8,86.3,77.8,72.8,89.2,88.1,87.5,84.5,72.2,90.1,92.5,91.5,96.5,97.5,87.2,89.8,95.2,92.1,87.8,86.8,83.1,90.6,84.2,88.8,91,https://journaliststudio.google.com/pinpoint-extract/preview?collection=d49d0347cb174e0c&job=14c7828a599a38c8&docid=a5c427f3a13141af_d49d0347cb174e0c&schid=8001&row=36&page=0
SB1R56 - May 2023_1.pdf,Lynaugh,77.1,77.2,77.1,77.7,77.9,77.6,77.9,77.7,78.1,80.3,77.5,78.2,76.9,77,77.3,77.8,77.4,77.9,78.1,71.2,72.5,80.4,80.3,79.8,79.9,80.2,77.6,78.4,78.8,84.8,88.5,https://journaliststudio.google.com/pinpoint-extract/preview?collection=d49d0347cb174e0c&job=14c7828a599a38c8&docid=a5c427f3a13141af_d49d0347cb174e0c&schid=8001&row=37&page=0
SB1R56 - May 2023_1.pdf,Mcconnell,82.5,79.5,79.8,81.5,82.8,84.2,82.4,84.8,78.3,83.2,92.2,86,79.6,82,80.5,79.2,81.6,86.1,85.2,81.9,81.7,81,83.6,84.7,85.3,85.6,84.6,79.5,84.7,83.3,83.5,https://journaliststudio.google.com/pinpoint-extract/preview?collection=d49d0347cb174e0c&job=14c7828a599a38c8&docid=a5c427f3a13141af_d49d0347cb174e0c&schid=8001&row=38&page=0
SB1R56 - May 2023_1.pdf,Memorial,74.6,75.5,74.6,79.3,81.3,83.4,80.5,82.8,77.3,74.3,79.4,83.1,80.3,81.6,80.3,84,82.4,79.9,80.9,82.3,81.1,81.7,80.4,82.3,82.5,83.6,86.3,84.4,83,83.6,82.9,https://journaliststudio.google.com/pinpoint-extract/preview?collection=d49d0347cb174e0c&job=14c7828a599a38c8&docid=a5c427f3a13141af_d49d0347cb174e0c&schid=8001&row=39&page=0
SB1R56 - May 2023_1.pdf,Michael,77.1,78.3,77.6,78.3,81.6,80.9,78.2,84.2,82.2,77.5,85.6,87.5,85.9,81.4,82.4,81.1,80.7,81.5,84.7,79.7,80.3,80.8,79.6,81.4,80.4,84.3,83.1,84,83.3,83.8,84.3,https://journaliststudio.google.com/pinpoint-extract/preview?collection=d49d0347cb174e0c&job=14c7828a599a38c8&docid=a5c427f3a13141af_d49d0347cb174e0c&schid=8001&row=40&page=0
SB1R56 - May 2023_1.pdf,Middleton,78.8,81.1,84.8,82.9,86,95.1,95.2,89.7,85.2,83.1,83.1,89.9,80.2,81.5,82.8,81.5,83.7,85.5,89.6,79.2,79,83.2,86.7,79.7,82.2,78.1,80,82.8,83.7,86.5,86.1,https://journaliststudio.google.com/pinpoint-extract/preview?collection=d49d0347cb174e0c&job=14c7828a599a38c8&docid=a5c427f3a13141af_d49d0347cb174e0c&schid=8001&row=41&page=0
SB1R56 - May 2023_1.pdf,Montford,77.4,75.4,80.6,78.3,86.8,85.9,89.1,83.3,82.7,83.4,80.6,79.6,71.7,78.4,74.3,80.8,80.5,81.5,80.7,78.8,79,76.4,83.4,79.7,77.7,78.5,72.5,78.6,78.8,83.2,79.8,https://journaliststudio.google.com/pinpoint-extract/preview?collection=d49d0347cb174e0c&job=14c7828a599a38c8&docid=a5c427f3a13141af_d49d0347cb174e0c&schid=8001&row=42&page=0
SB1R56 - May 2023_1.pdf,"Moore, C.",73.3,77.6,77.9,80.2,86.1,85.1,84.7,84.2,88.3,81.9,81.3,85.2,86.5,79.1,83.9,77.3,77.3,81.2,79.9,76.4,77.3,81,82,81.2,87.3,82.6,83.6,84.5,84.5,83.2,87.8,https://journaliststudio.google.com/pinpoint-extract/preview?collection=d49d0347cb174e0c&job=14c7828a599a38c8&docid=a5c427f3a13141af_d49d0347cb174e0c&schid=8001&row=43&page=0
SB1R56 - May 2023_1.pdf,O'Daniel,77.1,77.7,80.2,78.8,82.9,80.1,81.5,84,81.9,75.5,83.5,88.2,78,79.1,78.1,78,78.8,81,85.3,77.8,76,79.3,83.4,79,78.6,79.6,79.6,77.5,80.5,84.2,86.8,https://journaliststudio.google.com/pinpoint-extract/preview?collection=d49d0347cb174e0c&job=14c7828a599a38c8&docid=a5c427f3a13141af_d49d0347cb174e0c&schid=8001&row=44&page=0
SB1R56 - May 2023_1.pdf,Murray,71.6,74.1,75.9,75.5,79.4,83,82.4,80.4,78.5,76.9,79,87.6,79.7,79.2,79.4,85.3,76.1,78.3,81.7,78.2,77.9,80,78.5,78.1,78.2,79.1,79.1,80.5,81.2,83.6,85.5,https://journaliststudio.google.com/pinpoint-extract/preview?collection=d49d0347cb174e0c&job=14c7828a599a38c8&docid=a5c427f3a13141af_d49d0347cb174e0c&schid=8001&row=45&page=0
SB1R56 - May 2023_1.pdf,Plane,80,81.2,82.4,82,89.9,94.8,84.4,88.9,76.4,73.8,91.9,95.5,91.4,83.5,92.5,94.3,88.1,89.8,91.1,94,85.2,86.3,86.3,86.8,87.2,87.5,87.5,88.7,89.6,90,91.3,https://journaliststudio.google.com/pinpoint-extract/preview?collection=d49d0347cb174e0c&job=14c7828a599a38c8&docid=a5c427f3a13141af_d49d0347cb174e0c&schid=8001&row=46&page=0
SB1R56 - May 2023_1.pdf,Polunsky,79.7,80.6,82.7,82.5,93.2,93.3,81.2,86.3,74.5,73.6,89,92,90.3,73,89.6,87.4,88.6,84.7,87,86.3,79,83.6,81.8,83.9,82.9,85.5,86.1,90.5,88.2,88.7,86.8,https://journaliststudio.google.com/pinpoint-extract/preview?collection=d49d0347cb174e0c&job=14c7828a599a38c8&docid=a5c427f3a13141af_d49d0347cb174e0c&schid=8001&row=47&page=0
SB1R56 - May 2023_1.pdf,Powledge,77.8,78.4,78.7,80,87.7,87.1,87.4,91.7,81.5,71.5,87,84.6,86.4,86.6,84.3,82.2,81.7,82.4,88.1,83,80.4,80.3,80.4,78.6,81.1,82.3,82.8,84,89,83.1,85.1,https://journaliststudio.google.com/pinpoint-extract/preview?collection=d49d0347cb174e0c&job=14c7828a599a38c8&docid=a5c427f3a13141af_d49d0347cb174e0c&schid=8001&row=48&page=0
SB1R56 - May 2023_1.pdf,Ramsey,78.5,78.1,81.9,81.3,84,85.6,81.7,90.6,78.1,76.7,82.8,84.7,82.1,81.3,83.6,85,82.2,83.8,86,85.4,81.4,84.6,84.2,88.5,84.1,85.1,86.5,84.3,82.4,82.5,84.6,https://journaliststudio.google.com/pinpoint-extract/preview?collection=d49d0347cb174e0c&job=14c7828a599a38c8&docid=a5c427f3a13141af_d49d0347cb174e0c&schid=8001&row=49&page=0
SB1R56 - May 2023_1.pdf,Roach,77.1,77.2,75.9,74.6,77.6,78.9,78.4,81,81.1,80.9,78.5,79.9,73.8,70.9,72.5,74.7,76.4,76.2,76.5,73.9,75.2,77.9,78.1,79.5,79.5,75.6,76.2,77.2,78.3,79.5,79.7,https://journaliststudio.google.com/pinpoint-extract/preview?collection=d49d0347cb174e0c&job=14c7828a599a38c8&docid=a5c427f3a13141af_d49d0347cb174e0c&schid=8001&row=50&page=0
SB1R56 - May 2023_2.pdf,Robertson,77.2,77.6,80.2,80,83.3,83.6,82.5,83.2,81.8,80.5,86.1,85.5,75.6,78,78.9,79.5,82,83.7,83.5,77,76.4,80.9,82,77.3,79.3,74.2,78,80.7,79.1,81.8,83,https://journaliststudio.google.com/pinpoint-extract/preview?collection=d49d0347cb174e0c&job=14c7828a599a38c8&docid=a0f30f0207ee8bd7_d49d0347cb174e0c&schid=8001&row=0&page=0
SB1R56 - May 2023_2.pdf,Sanchez,82.1,79.4,80.3,84.6,85.3,82.4,81.2,83.4,89,85.8,83.5,83.4,81.4,79.5,79.8,83.3,86.5,82,85.1,81.9,83.2,84.4,81.5,82.3,84.8,84.9,80.2,78.6,83.1,88,80.3,https://journaliststudio.google.com/pinpoint-extract/preview?collection=d49d0347cb174e0c&job=14c7828a599a38c8&docid=a0f30f0207ee8bd7_d49d0347cb174e0c&schid=8001&row=1&page=0
SB1R56 - May 2023_2.pdf,Smith,71.5,72.5,71.6,73.8,73.9,76.3,76.2,77.3,76.8,78.2,76.8,78.6,73,72.6,77.3,74.7,76.4,77.1,76,75.2,77.6,76.2,76.3,75.9,75.2,75.8,75.2,76.5,77.8,77.7,77.3,https://journaliststudio.google.com/pinpoint-extract/preview?collection=d49d0347cb174e0c&job=14c7828a599a38c8&docid=a0f30f0207ee8bd7_d49d0347cb174e0c&schid=8001&row=2&page=0
SB1R56 - May 2023_2.pdf,Stevenson,79.6,80,83.9,81.6,89.3,88,80.9,86,82.4,81.5,85.2,88.3,83.3,85.2,80.9,86.6,85.2,87.1,88.1,83.1,89.1,89.6,95.4,88.8,88.4,89.9,88.4,84.7,85.6,88.9,87.6,https://journaliststudio.google.com/pinpoint-extract/preview?collection=d49d0347cb174e0c&job=14c7828a599a38c8&docid=a0f30f0207ee8bd7_d49d0347cb174e0c&schid=8001&row=3&page=0
SB1R56 - May 2023_2.pdf,Stiles,78.2,78.9,79.7,79.3,89,81.4,79.9,81.1,77.8,77,81.4,83,83.2,83.2,84.3,86.3,82.9,85.9,84.9,92.7,85.6,82.3,85.5,85,82.3,85.1,85.2,87.4,84.2,85.1,82.1,https://journaliststudio.google.com/pinpoint-extract/preview?collection=d49d0347cb174e0c&job=14c7828a599a38c8&docid=a0f30f0207ee8bd7_d49d0347cb174e0c&schid=8001&row=4&page=0
SB1R56 - May 2023_2.pdf,Stringfellow,78.7,79,79.7,78.6,84.1,85.9,80.6,86,78.4,71.2,86,84,83.6,79.7,82.9,81.5,81.5,82,81.6,85.6,82.7,80.5,84,83.6,83.8,83.6,82.3,81.5,82.7,81.5,84.5,https://journaliststudio.google.com/pinpoint-extract/preview?collection=d49d0347cb174e0c&job=14c7828a599a38c8&docid=a0f30f0207ee8bd7_d49d0347cb174e0c&schid=8001&row=5&page=0
SB1R56 - May 2023_2.pdf,Telford,71.2,71,72.7,75.2,73.9,80.4,77,75.5,80.2,77.6,71.5,71.1,80.2,72.2,79.1,78.2,77.3,80.2,82.9,76.7,75.1,77.5,78.4,78.2,79.7,81,80.6,81.3,80.7,82.4,83.3,https://journaliststudio.google.com/pinpoint-extract/preview?collection=d49d0347cb174e0c&job=14c7828a599a38c8&docid=a0f30f0207ee8bd7_d49d0347cb174e0c&schid=8001&row=6&page=0
SB1R56 - May 2023_2.pdf,Terrell,79.2,78.4,78.7,76.6,82.8,83.8,77.3,80.7,76.9,76,83.1,84.9,83.9,80,84.8,80.2,81.1,84.3,82.7,81.2,80.8,81.3,82.8,81.2,83.9,81.5,81.4,82.5,82.8,78.4,83.6,https://journaliststudio.google.com/pinpoint-extract/preview?collection=d49d0347cb174e0c&job=14c7828a599a38c8&docid=a0f30f0207ee8bd7_d49d0347cb174e0c&schid=8001&row=7&page=0
SB1R56 - May 2023_2.pdf,Torres,86.7,76.8,87.7,82.5,85.9,84.2,82.4,88.5,71.8,86.3,85,87.6,82.2,83,82.5,80,82,86,83.7,81.2,72.9,80.8,84.8,87.1,74.1,82.5,86.6,79.9,85.1,82,82,https://journaliststudio.google.com/pinpoint-extract/preview?collection=d49d0347cb174e0c&job=14c7828a599a38c8&docid=a0f30f0207ee8bd7_d49d0347cb174e0c&schid=8001&row=8&page=0
SB1R56 - May 2023_2.pdf,Vance,83,81.1,83.5,83.9,88,85.7,76.2,84,77.1,76.6,87.3,87.6,80.2,82.5,87.5,85.6,83.7,87,88.3,86.9,78.1,84.5,86.5,80.9,83.2,87.5,85.7,86,86.2,83.1,89.4,https://journaliststudio.google.com/pinpoint-extract/preview?collection=d49d0347cb174e0c&job=14c7828a599a38c8&docid=a0f30f0207ee8bd7_d49d0347cb174e0c&schid=8001&row=9&page=0
SB1R56 - May 2023_2.pdf,Wainwright,77.6,75.7,80.6,77.8,83.2,83.1,81,89.6,76.6,74,79.6,82.1,87,75.5,76.6,78.4,80.4,81.2,81.8,79.5,78.1,78.3,81.1,81.6,82.5,83,83.6,84.2,85.9,84.8,85.2,https://journaliststudio.google.com/pinpoint-extract/preview?collection=d49d0347cb174e0c&job=14c7828a599a38c8&docid=a0f30f0207ee8bd7_d49d0347cb174e0c&schid=8001&row=10&page=0
SB1R56 - May 2023_2.pdf,Wallace,77,77.3,79.4,80.5,83.1,84.1,89.7,86.7,84.7,84.6,83.7,85,76,79.8,79,81.4,82.4,83.7,82,79.9,79.5,84.1,83.5,81.2,79.9,81.8,80.3,81.5,84.2,84.7,85.8,https://journaliststudio.google.com/pinpoint-extract/preview?collection=d49d0347cb174e0c&job=14c7828a599a38c8&docid=a0f30f0207ee8bd7_d49d0347cb174e0c&schid=8001&row=11&page=0
SB1R56 - May 2023_2.pdf,Wheeler,78.7,77.2,76,76.8,77.8,77.8,77.7,81.7,81.3,78.1,77.1,77.9,61.5,66.3,66.4,75.4,76.3,77.2,78.2,73.8,77.8,78.4,83.6,77.3,74.8,77.5,73,78.1,77.7,82.4,80,https://journaliststudio.google.com/pinpoint-extract/preview?collection=d49d0347cb174e0c&job=14c7828a599a38c8&docid=a0f30f0207ee8bd7_d49d0347cb174e0c&schid=8001&row=12&page=0
SB1R56 - May 2023_2.pdf,Woodman,78.9,78.7,82,80.4,89.1,85.8,83.3,86,79.8,76.9,87,84.6,76.6,78.6,84.5,80.5,83.9,85.9,89.5,81.4,76.5,83,86.8,85,82,84.3,82,84,85.3,86.6,88.8,https://journaliststudio.google.com/pinpoint-extract/preview?collection=d49d0347cb174e0c&job=14c7828a599a38c8&docid=a0f30f0207ee8bd7_d49d0347cb174e0c&schid=8001&row=13&page=0
SB1R56 - May 2023_2.pdf,Wynne,77.8,80.2,80.1,80.8,86.4,85.4,83,83.1,75.6,75,77.2,86.4,85.2,80,86.1,86.2,82.5,85.2,86.8,84.3,77.1,81.6,81.3,80.1,81.2,83.6,83.1,84.5,85.2,83.5,86.3,https://journaliststudio.google.com/pinpoint-extract/preview?collection=d49d0347cb174e0c&job=14c7828a599a38c8&docid=a0f30f0207ee8bd7_d49d0347cb174e0c&schid=8001&row=14&page=0
SB1R56 - May 2023_2.pdf,Young,80.4,80,81.1,78.5,86.4,90,78.3,81.4,77.2,75.1,83.3,85.7,82.2,84.7,84.5,80.6,83.7,88.6,90,95,82.2,85.1,85.8,86.6,85.7,90.5,87.9,86,84.6,85.2,86.5,https://journaliststudio.google.com/pinpoint-extract/preview?collection=d49d0347cb174e0c&job=14c7828a599a38c8&docid=a0f30f0207ee8bd7_d49d0347cb174e0c&schid=8001&row=15&page=0